iteration,train_loss,test_loss,train_accuracy,test_accuracy,train_precision,test_precision,train_recall,test_recall,train_F1,test_F1
1,0.6963573694229126,0.687057375907898,0.08212994039058685,0.08328727632761002,0.07242297381162643,0.07282090932130814,0.9767819046974182,0.9802743792533875,0.1592303216457367,0.17888793349266052
2,0.6872838735580444,0.6792430281639099,0.0831553190946579,0.08552005887031555,0.07323335856199265,0.0725541040301323,0.9821904301643372,0.9775563478469849,0.16093862056732178,0.17814484238624573
3,0.6795070171356201,0.6708639860153198,0.08481680601835251,0.09306952357292175,0.07290828973054886,0.07259488850831985,0.9797139167785645,0.9660894870758057,0.16016554832458496,0.17769797146320343
4,0.6711516380310059,0.6613039970397949,0.09241220355033875,0.10542721301317215,0.07303161919116974,0.07277625799179077,0.9703147411346436,0.9608381986618042,0.15994344651699066,0.17725589871406555
5,0.6616044044494629,0.6502133011817932,0.10450786352157593,0.1303747147321701,0.07331924885511398,0.07233057171106339,0.9579960703849792,0.9424351453781128,0.1609838753938675,0.1750960797071457
6,0.6505339741706848,0.6372756361961365,0.1293542981147766,0.17795954644680023,0.07302242517471313,0.07351934164762497,0.9416245818138123,0.8922064900398254,0.16064958274364471,0.17706574499607086
7,0.6375927925109863,0.6221610307693481,0.17523522675037384,0.23574665188789368,0.07384030520915985,0.06856490671634674,0.8881301879882812,0.7690422534942627,0.16274775564670563,0.17045386135578156
8,0.6224589347839355,0.6046975255012512,0.2325424700975418,0.31116393208503723,0.06960505992174149,0.0698665976524353,0.7866648435592651,0.7116267681121826,0.153344064950943,0.1746848225593567
9,0.6049582362174988,0.5843754410743713,0.3101199269294739,0.3912457227706909,0.07031247764825821,0.06709467619657516,0.725071370601654,0.634678304195404,0.15936179459095,0.16589269042015076
10,0.5845725536346436,0.5610743761062622,0.3917229175567627,0.4755941331386566,0.06842734664678574,0.056139953434467316,0.6509259939193726,0.5322091579437256,0.1558617651462555,0.1595011204481125
11,0.5611979365348816,0.5350694060325623,0.47559505701065063,0.5515972375869751,0.05789025127887726,0.05208022519946098,0.5624261498451233,0.4616754651069641,0.14060291647911072,0.16416208446025848
12,0.5350821614265442,0.506514310836792,0.5530965328216553,0.6226263046264648,0.05230996757745743,0.04535260796546936,0.47864216566085815,0.3705918490886688,0.14550068974494934,0.15509627759456635
13,0.5063849687576294,0.47622501850128174,0.625314474105835,0.6886923909187317,0.04624933749437332,0.046121492981910706,0.3958166837692261,0.27090218663215637,0.13405998051166534,0.17875292897224426
14,0.4759235680103302,0.4448820948600769,0.6913184523582458,0.7473748326301575,0.04695587605237961,0.0417277067899704,0.2784772515296936,0.20781627297401428,0.1584012359380722,0.20154455304145813
15,0.4444110691547394,0.41388270258903503,0.749356746673584,0.7905493378639221,0.04639190435409546,0.058772727847099304,0.223073348402977,0.18610408902168274,0.17561182379722595,0.2279263734817505
16,0.4132257401943207,0.38436681032180786,0.7922137975692749,0.8186581134796143,0.0696253702044487,0.06694887578487396,0.18537580966949463,0.16125240921974182,0.2038821429014206,0.24054282903671265
17,0.38353148102760315,0.35733458399772644,0.8196995854377747,0.8396153450012207,0.08158104866743088,0.05815357714891434,0.15742425620555878,0.13573583960533142,0.23028665781021118,0.2707546055316925
18,0.35633769631385803,0.3334777355194092,0.8401739597320557,0.8616337180137634,0.07611829042434692,0.06709721684455872,0.13871943950653076,0.10736245661973953,0.24555903673171997,0.28966695070266724
19,0.3323315382003784,0.31284794211387634,0.8621246218681335,0.8807007670402527,0.07703249156475067,0.07764977961778641,0.11307061463594437,0.07414127886295319,0.2575710713863373,0.29972049593925476
20,0.3115645945072174,0.2951010465621948,0.8813979029655457,0.8962087035179138,0.08059025555849075,0.10418199002742767,0.07966528087854385,0.05645032599568367,0.2819453179836273,0.4604756534099579
21,0.2936803698539734,0.2797069847583771,0.8965127468109131,0.9048303365707397,0.1232348307967186,0.13241775333881378,0.0673883855342865,0.03766049072146416,0.4093908667564392,0.46525534987449646
22,0.27814245223999023,0.2660110592842102,0.9052427411079407,0.9122803211212158,0.14015676081180573,0.13375477492809296,0.042396705597639084,0.031112853437662125,0.41040655970573425,0.4139964282512665
23,0.26429110765457153,0.2535790205001831,0.9128286242485046,0.9195865988731384,0.16708791255950928,0.20725610852241516,0.03656376525759697,0.030748572200536728,0.3660452663898468,0.4079568386077881
24,0.25168368220329285,0.24213342368602753,0.9195030927658081,0.9219520092010498,0.18893082439899445,0.3225812315940857,0.02814636006951332,0.03477509692311287,0.4158186614513397,0.3526182472705841
25,0.24005214869976044,0.23157770931720734,0.9219193458557129,0.9256659746170044,0.3283078968524933,0.5368306636810303,0.03149004653096199,0.051533110439777374,0.3978536128997803,0.4839782416820526
26,0.22929275035858154,0.2220778912305832,0.9258404970169067,0.9275229573249817,0.5588213801383972,0.6225775480270386,0.04705975204706192,0.06121180206537247,0.49356791377067566,0.47673162817955017
27,0.21957744657993317,0.2137553095817566,0.9277535676956177,0.9279982447624207,0.6535435914993286,0.5881364345550537,0.055952224880456924,0.07211734354496002,0.4875226318836212,0.5181803703308105
28,0.21103151142597198,0.20670683681964874,0.9285463094711304,0.926638662815094,0.6177881956100464,0.5547913908958435,0.06593392044305801,0.07857853919267654,0.5321484208106995,0.4944048523902893
29,0.20376630127429962,0.20086276531219482,0.9274449944496155,0.9282193183898926,0.5568360090255737,0.6183192729949951,0.07264222949743271,0.12727515399456024,0.5132156014442444,0.5502899885177612
30,0.1977124810218811,0.19608105719089508,0.9297663569450378,0.9294351935386658,0.6596378684043884,0.5846198797225952,0.11752267181873322,0.14245587587356567,0.5741615891456604,0.5557103753089905
31,0.19274015724658966,0.19207051396369934,0.9309341311454773,0.9320769309997559,0.6241446733474731,0.6691213250160217,0.13110625743865967,0.17197877168655396,0.5779133439064026,0.572026252746582
32,0.18856245279312134,0.18846890330314636,0.9338725805282593,0.9344313144683838,0.686164915561676,0.6623274683952332,0.1585848331451416,0.1946054995059967,0.5941161513328552,0.5863450169563293
33,0.18483193218708038,0.18501858413219452,0.9363079071044922,0.9357798099517822,0.6815920472145081,0.6286889314651489,0.1793755143880844,0.1941618025302887,0.6083545088768005,0.592710554599762
34,0.18129250407218933,0.18151915073394775,0.9377367496490479,0.9389410614967346,0.6621105670928955,0.6716006398200989,0.17863738536834717,0.2242347002029419,0.6139241456985474,0.6239109039306641
35,0.1777525544166565,0.1779189556837082,0.9409790635108948,0.9410302042961121,0.690189778804779,0.684179961681366,0.2051742523908615,0.24011307954788208,0.6434551477432251,0.6288697123527527
36,0.1741616278886795,0.1742665022611618,0.9431057572364807,0.9418923258781433,0.7190966606140137,0.685219943523407,0.22008326649665833,0.23850387334823608,0.6492422223091125,0.6266485452651978
37,0.1705634891986847,0.17066355049610138,0.9437893629074097,0.9421797394752502,0.7194482684135437,0.6916670203208923,0.21882839500904083,0.23599793016910553,0.6471794247627258,0.624159574508667
38,0.16705501079559326,0.167289137840271,0.9439934492111206,0.9426881670951843,0.725969135761261,0.7028688788414001,0.216427743434906,0.24289147555828094,0.6441375613212585,0.6199731230735779
39,0.1638047844171524,0.16419699788093567,0.9445061683654785,0.9427655339241028,0.7362567186355591,0.6977337598800659,0.22285665571689606,0.2432965785264969,0.6392985582351685,0.616020143032074
40,0.1608573943376541,0.16141244769096375,0.9443637728691101,0.9432961344718933,0.7293469905853271,0.7034775614738464,0.22273899614810944,0.24469204246997833,0.633139431476593,0.6206917762756348
41,0.15822471678256989,0.15889428555965424,0.9448336958885193,0.9433624148368835,0.7337703704833984,0.7027186751365662,0.22398538887500763,0.24766606092453003,0.6375482678413391,0.6259751915931702
42,0.15584880113601685,0.15657399594783783,0.9448099732398987,0.9448546767234802,0.7185637354850769,0.7357109785079956,0.22627988457679749,0.2724106013774872,0.6421089172363281,0.646577775478363
43,0.15365643799304962,0.1543411910533905,0.9463385343551636,0.945573091506958,0.7502169609069824,0.7416538000106812,0.2493860423564911,0.29113543033599854,0.662995457649231,0.654007077217102
44,0.15152302384376526,0.152157261967659,0.9468844532966614,0.9456615447998047,0.7662849426269531,0.7278856635093689,0.26677095890045166,0.2948703169822693,0.6689556837081909,0.659967839717865
45,0.1494056135416031,0.14997157454490662,0.9468607306480408,0.9469216465950012,0.7345079183578491,0.7313714623451233,0.2698395550251007,0.3083151876926422,0.6727921962738037,0.6662977933883667
46,0.14724676311016083,0.14784575998783112,0.9479146003723145,0.9470321536064148,0.7491547465324402,0.7237151265144348,0.2815062403678894,0.31223171949386597,0.6762847900390625,0.667848527431488
47,0.1451084017753601,0.14578877389431,0.9480380415916443,0.9474743008613586,0.7420024275779724,0.7173681259155273,0.28472045063972473,0.31617873907089233,0.6772175431251526,0.6702446937561035
48,0.14299963414669037,0.1438375562429428,0.9484462738037109,0.9489554762840271,0.7361770868301392,0.7219599485397339,0.2878912687301636,0.3383476436138153,0.6793997883796692,0.6852501034736633
49,0.1409701704978943,0.1420246660709381,0.9499178528785706,0.9489775896072388,0.7406513094902039,0.7165576219558716,0.30724525451660156,0.3470628261566162,0.6932736039161682,0.6859171390533447
50,0.1390562653541565,0.14030706882476807,0.9500982761383057,0.9504697918891907,0.7377675771713257,0.7226367592811584,0.314973920583725,0.3649095892906189,0.6952553391456604,0.7020319104194641
51,0.13723868131637573,0.13870221376419067,0.9519069194793701,0.9506576657295227,0.745496392250061,0.7219820618629456,0.3314206898212433,0.37000128626823425,0.7126480937004089,0.7083243727684021
52,0.13554534316062927,0.1371307671070099,0.9521253108978271,0.9524372816085815,0.7441453337669373,0.7449451684951782,0.33558958768844604,0.3875007629394531,0.7183541059494019,0.7186035513877869
53,0.13390791416168213,0.13557271659374237,0.953905463218689,0.9526472687721252,0.7653919458389282,0.7462228536605835,0.35076674818992615,0.39161765575408936,0.7272882461547852,0.7254742980003357
54,0.13232211768627167,0.13403135538101196,0.9541428089141846,0.9526141285896301,0.7662435173988342,0.7448163628578186,0.3540016710758209,0.39322325587272644,0.7336418032646179,0.7259658575057983
55,0.13079223036766052,0.13246934115886688,0.9541237950325012,0.9532220363616943,0.7670769095420837,0.7491611838340759,0.355378121137619,0.39595744013786316,0.7353800535202026,0.7319203615188599
56,0.1292865127325058,0.13095363974571228,0.9548406600952148,0.9531336426734924,0.7748346328735352,0.7519415020942688,0.3579917550086975,0.39446768164634705,0.7432364821434021,0.731462299823761
57,0.12785646319389343,0.1294582039117813,0.9548121690750122,0.9541173577308655,0.7770999670028687,0.7585723400115967,0.3571452498435974,0.3981163203716278,0.7434005737304688,0.7389544248580933
58,0.12646910548210144,0.1279812604188919,0.9555811882019043,0.9547916650772095,0.7809094190597534,0.7618018388748169,0.3602358102798462,0.4000239074230194,0.7494510412216187,0.7423348426818848
59,0.1251111477613449,0.12652498483657837,0.9562742710113525,0.9557974934577942,0.7845227122306824,0.7655860185623169,0.36262091994285583,0.40723520517349243,0.7539095878601074,0.7532053589820862
60,0.12377576529979706,0.12508225440979004,0.9572474360466003,0.9561843872070312,0.7879125475883484,0.7710755467414856,0.36878502368927,0.4124259352684021,0.7645840048789978,0.7538012862205505
61,0.12245118618011475,0.12366426736116409,0.957489550113678,0.9570686221122742,0.7914971709251404,0.7814117074012756,0.3734087347984314,0.44249507784843445,0.7641391158103943,0.7683314681053162
62,0.1211404949426651,0.12226085364818573,0.9583060145378113,0.9580081701278687,0.800462007522583,0.7866414785385132,0.4005180299282074,0.4549812972545624,0.7777805924415588,0.7769253253936768
63,0.11983304470777512,0.12089826166629791,0.9593076705932617,0.958118736743927,0.804482102394104,0.7892001867294312,0.4121234714984894,0.46353670954704285,0.7862181067466736,0.7797930836677551
64,0.11855802685022354,0.119546078145504,0.9592934250831604,0.9586050510406494,0.7668702006340027,0.7907742857933044,0.42004159092903137,0.4676308333873749,0.7866479158401489,0.7769574522972107
65,0.11728552728891373,0.1182415634393692,0.9595260620117188,0.9587487578392029,0.7770735621452332,0.7908176183700562,0.423403799533844,0.47908902168273926,0.7823930978775024,0.7815433740615845
66,0.11604715883731842,0.11692360043525696,0.9595592617988586,0.958781898021698,0.7768204212188721,0.7854772806167603,0.4336988627910614,0.4823382794857025,0.7859769463539124,0.7832594513893127
67,0.11479086428880692,0.11562494933605194,0.9596067667007446,0.9597545862197876,0.7724421620368958,0.7861120104789734,0.43679729104042053,0.48981577157974243,0.7879198789596558,0.790073037147522
68,0.11354225873947144,0.11430462449789047,0.9606178998947144,0.9610257744789124,0.773707926273346,0.7929935455322266,0.44401800632476807,0.4984736740589142,0.7955175638198853,0.8009330630302429
69,0.11226890981197357,0.11302632838487625,0.9616575241088867,0.961711049079895,0.7873533368110657,0.7983525395393372,0.4518607556819916,0.4989197850227356,0.8041232228279114,0.8040001392364502
70,0.11102715879678726,0.11177176982164383,0.9624075293540955,0.9617442488670349,0.7956092953681946,0.8006974458694458,0.45265093445777893,0.49892985820770264,0.8090219497680664,0.8053447008132935
71,0.10980743169784546,0.11053328216075897,0.96247398853302,0.9628164172172546,0.7995613813400269,0.8111452460289001,0.45253536105155945,0.5043001174926758,0.8111267685890198,0.8068634271621704
72,0.10859465599060059,0.10930570214986801,0.963589608669281,0.9639769792556763,0.8214138150215149,0.816698431968689,0.4576258957386017,0.5098472237586975,0.8136022686958313,0.8149097561836243
73,0.1073855459690094,0.10806615650653839,0.9647621512413025,0.96431964635849,0.8266241550445557,0.8191319704055786,0.46254652738571167,0.5123690962791443,0.8216240406036377,0.8182944059371948
74,0.10616093873977661,0.1068309098482132,0.965080201625824,0.9653034210205078,0.8171111345291138,0.8218123316764832,0.4646620750427246,0.5208848714828491,0.8246866464614868,0.8182986378669739
75,0.10493742674589157,0.10560962557792664,0.9661150574684143,0.9660108089447021,0.819656491279602,0.824038565158844,0.47259557247161865,0.5245777368545532,0.8252622485160828,0.8227640390396118
76,0.10373549163341522,0.10440120100975037,0.9668651223182678,0.9660771489143372,0.8226630687713623,0.8252869844436646,0.4756905436515808,0.5250135660171509,0.829914391040802,0.8238548636436462
77,0.10255049169063568,0.10320737957954407,0.9670502543449402,0.9661877155303955,0.8247420191764832,0.8250724673271179,0.4759540259838104,0.5261205434799194,0.8313983082771301,0.8252817988395691
78,0.10138212889432907,0.10200703144073486,0.9672496318817139,0.9664750695228577,0.8252334594726562,0.8300188183784485,0.47700029611587524,0.5345051884651184,0.8329781293869019,0.8292137980461121
79,0.10021260380744934,0.10082188248634338,0.9675771594047546,0.9671825170516968,0.8308178186416626,0.8420652151107788,0.48482009768486023,0.5435238480567932,0.8375222682952881,0.8304905891418457
80,0.0990561693906784,0.0996500551700592,0.9682417511940002,0.9679120182991028,0.8413175940513611,0.8486987352371216,0.49291276931762695,0.5512002110481262,0.8380709290504456,0.8341403007507324
81,0.09790466725826263,0.09846974164247513,0.969039261341095,0.9681994318962097,0.8615575432777405,0.8530327081680298,0.5006668567657471,0.5513238310813904,0.8436423540115356,0.8364718556404114
82,0.09673359990119934,0.09733359515666962,0.9694617986679077,0.9687409996986389,0.8682888746261597,0.8588401079177856,0.5006859302520752,0.5546376705169678,0.8470888137817383,0.8433671593666077
83,0.0955931693315506,0.09622503817081451,0.9699032306671143,0.9694373607635498,0.8741449117660522,0.8681681156158447,0.5030450820922852,0.5546707510948181,0.8528839349746704,0.8477140665054321
84,0.09446236491203308,0.09514448791742325,0.9705963134765625,0.9698905944824219,0.8823310136795044,0.8726935982704163,0.5031996369361877,0.5549538731575012,0.8568000197410583,0.8503111004829407
85,0.09335322678089142,0.09410140663385391,0.9712182283401489,0.9699789881706238,0.8889540433883667,0.8744152784347534,0.5033861994743347,0.5550791621208191,0.8603118062019348,0.8512799739837646
86,0.09225800633430481,0.09304854273796082,0.9713796377182007,0.9703216552734375,0.8907139897346497,0.875640869140625,0.5034981966018677,0.55560702085495,0.8613262176513672,0.8523291945457458
87,0.09114638715982437,0.09201635420322418,0.97181636095047,0.9707306027412415,0.8820760846138,0.875231921672821,0.5041240453720093,0.5664723515510559,0.8633877635002136,0.8549368977546692
88,0.0900600254535675,0.0910111740231514,0.9723527431488037,0.9712280035018921,0.8840430974960327,0.8773766160011292,0.5137850642204285,0.5773155093193054,0.8670159578323364,0.860690712928772
89,0.0890105739235878,0.09003020077943802,0.973055362701416,0.9718249440193176,0.8872093558311462,0.8826420307159424,0.5233012437820435,0.5856631994247437,0.8725521564483643,0.8640909194946289
90,0.08799921721220016,0.08900770545005798,0.9736534953117371,0.9724991917610168,0.892002522945404,0.8879960179328918,0.5307539701461792,0.5950057506561279,0.8753515481948853,0.8682490587234497
91,0.0869421735405922,0.08800975233316422,0.9743180871009827,0.9727312922477722,0.8974113464355469,0.8916450142860413,0.5390547513961792,0.5950074195861816,0.8791810274124146,0.8698652982711792
92,0.08591745793819427,0.08700180798768997,0.9744842052459717,0.9729633927345276,0.9002677202224731,0.8937658667564392,0.5389944911003113,0.5949893593788147,0.8803292512893677,0.8708280920982361
93,0.08488727360963821,0.08604609966278076,0.9747405648231506,0.9739913940429688,0.9021732211112976,0.9039015769958496,0.539100706577301,0.6107510924339294,0.8812780976295471,0.876684308052063
94,0.083908312022686,0.08509702980518341,0.9757327437400818,0.9742013812065125,0.9218805432319641,0.9024016857147217,0.5535423755645752,0.6119715571403503,0.8863733410835266,0.8764808773994446
95,0.0829368382692337,0.0841865986585617,0.9761124849319458,0.9747761487960815,0.9222807884216309,0.9051176309585571,0.5547868013381958,0.6155608892440796,0.8873765468597412,0.8805440068244934
96,0.08200349658727646,0.08329709619283676,0.9767153859138489,0.9750635623931885,0.9255607724189758,0.9064421653747559,0.5577197670936584,0.6159909963607788,0.8916794657707214,0.8815166354179382
97,0.08109080046415329,0.08245061337947845,0.9770097136497498,0.9757488965988159,0.9277316331863403,0.9087681770324707,0.5583217144012451,0.6244871616363525,0.8933008313179016,0.883022129535675
98,0.0802147313952446,0.08161822706460953,0.9776932597160339,0.9755057096481323,0.9302409291267395,0.9061809778213501,0.5653806328773499,0.6243578791618347,0.8943755030632019,0.8816297650337219
99,0.07934310287237167,0.08079841732978821,0.9775698781013489,0.9757709503173828,0.9293249845504761,0.9071930646896362,0.5656223893165588,0.6247965097427368,0.8941169381141663,0.8824205994606018
100,0.07847560942173004,0.08002636581659317,0.9777597188949585,0.9756825566291809,0.929932177066803,0.9034294486045837,0.5659357905387878,0.6249200701713562,0.8946345448493958,0.8804563879966736
101,0.07766198366880417,0.07929158210754395,0.9777692556381226,0.9758925437927246,0.9287945032119751,0.9010592103004456,0.5660744309425354,0.6253406405448914,0.8942423462867737,0.8791431188583374
102,0.07688707858324051,0.07856849581003189,0.9780160784721375,0.9762352108955383,0.9278444647789001,0.9025577306747437,0.5663726925849915,0.6258453726768494,0.8939394950866699,0.8803231120109558
103,0.0761198028922081,0.0778830423951149,0.9782629609107971,0.9760583639144897,0.928442120552063,0.9006972908973694,0.5669485926628113,0.6258692741394043,0.8946969509124756,0.8794496059417725
104,0.07538723945617676,0.07720775157213211,0.978125274181366,0.9760252237319946,0.9272627234458923,0.8996384739875793,0.5670285224914551,0.6259656548500061,0.8942334055900574,0.8790140151977539
105,0.07467308640480042,0.07655254006385803,0.9781062602996826,0.9762352108955383,0.9257012605667114,0.8994925618171692,0.5672668814659119,0.6266106963157654,0.8936367630958557,0.8793308138847351
106,0.07398471236228943,0.07591791450977325,0.9783578515052795,0.9764562845230103,0.9258054494857788,0.9003294110298157,0.5678832530975342,0.6271148324012756,0.894019365310669,0.880094587802887
107,0.07332520931959152,0.07530200481414795,0.9785904884338379,0.9768210649490356,0.9262582063674927,0.9022984504699707,0.5683378577232361,0.6273164749145508,0.8945665955543518,0.8812755346298218
108,0.07268904894590378,0.07470805943012238,0.9788848161697388,0.976986825466156,0.9276492595672607,0.902862012386322,0.5686219930648804,0.6275343894958496,0.8954153060913086,0.8818339705467224
109,0.07207299768924713,0.07413828372955322,0.9790129661560059,0.977340579032898,0.9277758002281189,0.9052075743675232,0.568753182888031,0.6277814507484436,0.8957383632659912,0.8834560513496399
110,0.07147659361362457,0.07357191294431686,0.9793785214424133,0.9773847460746765,0.9304745197296143,0.9051991701126099,0.5689536333084106,0.6276363134384155,0.8974062204360962,0.8834168314933777
111,0.07088758051395416,0.07302400469779968,0.9793974757194519,0.9777937531471252,0.9305880665779114,0.9079675078392029,0.5689237117767334,0.633828341960907,0.8974718451499939,0.8836345672607422
112,0.070322185754776,0.07250579446554184,0.9797202944755554,0.9784237742424011,0.9323018193244934,0.9095979332923889,0.5732265710830688,0.6418663859367371,0.8956314325332642,0.8840375542640686
113,0.06979073584079742,0.07201430201530457,0.9802282452583313,0.9786227345466614,0.933325469493866,0.9111704230308533,0.5797314047813416,0.650071918964386,0.8949820399284363,0.8852748870849609
114,0.06928588449954987,0.07152498513460159,0.9805083274841309,0.978644847869873,0.9351059794425964,0.9112469553947449,0.5874195694923401,0.6501212120056152,0.8965500593185425,0.8853395581245422
115,0.0687699243426323,0.07105676084756851,0.980593740940094,0.9787333011627197,0.9357985258102417,0.9112750887870789,0.5873814225196838,0.6585276126861572,0.8969001173973083,0.8859374523162842
116,0.06827656179666519,0.07058967649936676,0.9807267189025879,0.9784348607063293,0.9362373948097229,0.9064485430717468,0.5943841934204102,0.6584858298301697,0.8972654938697815,0.8835358619689941
117,0.06779054552316666,0.0701298639178276,0.9805035591125488,0.9787222146987915,0.932217538356781,0.9085500240325928,0.5943495631217957,0.6583622694015503,0.8953427076339722,0.8844974637031555
118,0.06733271479606628,0.06967173516750336,0.9807693958282471,0.9788769483566284,0.9347734451293945,0.9100401401519775,0.5941036343574524,0.6583130359649658,0.896401047706604,0.8851889967918396
119,0.06688462197780609,0.06923945993185043,0.9809260964393616,0.9792085886001587,0.9365408420562744,0.9121725559234619,0.5940849781036377,0.6587590575218201,0.8972756862640381,0.8865334987640381
120,0.06646059453487396,0.06881555169820786,0.9811729192733765,0.9792859554290771,0.9380062222480774,0.9129222631454468,0.5944089293479919,0.6588101983070374,0.8982565402984619,0.886928379535675
121,0.06603621691465378,0.0684007853269577,0.9812915921211243,0.9793964624404907,0.9388536214828491,0.905863881111145,0.5944961309432983,0.6689784526824951,0.8987784385681152,0.8863789439201355
122,0.06561050564050674,0.06801377236843109,0.9813628196716309,0.9795622825622559,0.9313250780105591,0.9075005054473877,0.6039091944694519,0.6689784526824951,0.89905846118927,0.8871074914932251
123,0.06521493941545486,0.06764305382966995,0.9814672470092773,0.979374349117279,0.9324306845664978,0.9071049094200134,0.6039091944694519,0.6690188646316528,0.8996237516403198,0.8872259855270386
124,0.06483452022075653,0.06727272272109985,0.9813058376312256,0.9793190956115723,0.9317148923873901,0.9059582352638245,0.6039721965789795,0.6689784526824951,0.8993549346923828,0.8870150446891785
125,0.06445495784282684,0.06690713763237,0.9812299013137817,0.9793080687522888,0.9302453994750977,0.9066882133483887,0.6039412021636963,0.6688607335090637,0.8989003300666809,0.8873386383056641
126,0.06408839672803879,0.06655066460371017,0.9812583923339844,0.9793301820755005,0.9311516284942627,0.9071843028068542,0.6039175391197205,0.6688607335090637,0.8993684649467468,0.8876117467880249
127,0.06373387575149536,0.06620363891124725,0.9813295602798462,0.9794296622276306,0.9315178394317627,0.9089418649673462,0.6038811206817627,0.668820321559906,0.8995550870895386,0.888752818107605
128,0.06338242441415787,0.0658705085515976,0.9814150333404541,0.9795070290565491,0.9323557019233704,0.9097297787666321,0.6038811206817627,0.668820321559906,0.9000389575958252,0.8891803026199341
129,0.06303853541612625,0.06555158644914627,0.9814720153808594,0.9795512557029724,0.9329273700714111,0.9121845364570618,0.6038656234741211,0.668917715549469,0.9002968668937683,0.8907718062400818
130,0.06270737200975418,0.06523008644580841,0.9814672470092773,0.9796065092086792,0.9337268471717834,0.9125303030014038,0.6039555072784424,0.6690689921379089,0.9007725119590759,0.8910405039787292
131,0.06237387657165527,0.06491053104400635,0.9815194606781006,0.9797059893608093,0.9340421557426453,0.9132282733917236,0.604098379611969,0.6691675186157227,0.9010277986526489,0.8914156556129456
132,0.06205179914832115,0.0645953044295311,0.9815526604652405,0.9798607230186462,0.9346160292625427,0.9152169823646545,0.6041356921195984,0.6691675186157227,0.9013558626174927,0.8923799991607666
133,0.0617448054254055,0.06427837163209915,0.9817283153533936,0.9800596833229065,0.9364646673202515,0.9167534112930298,0.6041356921195984,0.6691603660583496,0.9022220969200134,0.8930739760398865
134,0.06144120544195175,0.06397037208080292,0.9818137884140015,0.9801260232925415,0.937275767326355,0.9178431630134583,0.6040774583816528,0.669035017490387,0.9026098251342773,0.8935812711715698
135,0.06114247068762779,0.06367676705121994,0.9818612337112427,0.9802917838096619,0.9381642937660217,0.9187377691268921,0.6039707660675049,0.6697201728820801,0.9029734134674072,0.8944099545478821
136,0.060847777873277664,0.06339728832244873,0.9820179343223572,0.9803802371025085,0.9389778971672058,0.9194700121879578,0.6044352054595947,0.6697201728820801,0.9037071466445923,0.8947915434837341
137,0.06057066470384598,0.06312094628810883,0.9820843935012817,0.9803581237792969,0.9398972988128662,0.9204868674278259,0.6044352054595947,0.6697201728820801,0.9041616320610046,0.8952727317810059
138,0.060295723378658295,0.06284946203231812,0.9820368885993958,0.980523943901062,0.939575731754303,0.9218841791152954,0.6044352054595947,0.6706483364105225,0.9040231704711914,0.896575927734375
139,0.060025665909051895,0.06259319931268692,0.9821603298187256,0.9806455373764038,0.9403191804885864,0.9232817888259888,0.6052623391151428,0.6706647276878357,0.9050071835517883,0.8973367810249329
140,0.059776075184345245,0.06233486905694008,0.982307493686676,0.9808555245399475,0.941519021987915,0.9252538681030273,0.605353057384491,0.6706647276878357,0.9056317806243896,0.8982803225517273
141,0.05952388048171997,0.06209155172109604,0.9824689030647278,0.981065571308136,0.9433727860450745,0.926239013671875,0.605353057384491,0.6721538305282593,0.9064738750457764,0.8998048305511475
142,0.05928927659988403,0.06184365227818489,0.9826492667198181,0.9814524054527283,0.9438113570213318,0.9293137192726135,0.6067623496055603,0.671907365322113,0.9077824354171753,0.901078999042511
143,0.05904396250844002,0.06161077320575714,0.9830052852630615,0.9815850853919983,0.9466882348060608,0.9303385615348816,0.6067063212394714,0.6720309257507324,0.9090213775634766,0.9016178250312805
144,0.05881056562066078,0.06138249486684799,0.9831477403640747,0.9816734790802002,0.9477136731147766,0.9322939515113831,0.6069523096084595,0.6720309257507324,0.9096871018409729,0.9025804400444031
145,0.05857792869210243,0.061164554208517075,0.9831666946411133,0.9817177057266235,0.9484636187553406,0.933340847492218,0.6069523096084595,0.6720309257507324,0.9100764393806458,0.9030811786651611
146,0.05835491791367531,0.0609518438577652,0.9832046627998352,0.9817177057266235,0.9490639567375183,0.933340847492218,0.6069523096084595,0.6720309257507324,0.9103838801383972,0.9030811786651611
147,0.05813850089907646,0.06074029952287674,0.9832141995429993,0.9816734790802002,0.949420690536499,0.9328036308288574,0.6069523096084595,0.6720309257507324,0.9105668067932129,0.9028668403625488
148,0.057924117892980576,0.060533732175827026,0.983157217502594,0.9815739989280701,0.9489813446998596,0.9323358535766602,0.6069203615188599,0.6720309257507324,0.9103882908821106,0.902660608291626
149,0.057715579867362976,0.060327619314193726,0.9830480217933655,0.9814634919166565,0.9485222101211548,0.930469274520874,0.6069203615188599,0.6721944212913513,0.910225510597229,0.9019756317138672
150,0.05750236287713051,0.06012757122516632,0.9829673171043396,0.9818835258483887,0.9470273852348328,0.9332841038703918,0.6070557832717896,0.6721526980400085,0.9098077416419983,0.9033087491989136
151,0.057300470769405365,0.05993202328681946,0.9832853674888611,0.9821487665176392,0.9494117498397827,0.9343913197517395,0.606975793838501,0.6725638508796692,0.9108214974403381,0.9041567444801331
152,0.05710715055465698,0.05974317342042923,0.9834942817687988,0.9821708798408508,0.950420618057251,0.9345472455024719,0.6072986721992493,0.6725638508796692,0.9115443825721741,0.9042258262634277
153,0.0569174587726593,0.059551674872636795,0.9835180044174194,0.9821266531944275,0.9507611989974976,0.9342429637908936,0.6072986721992493,0.6725080013275146,0.9117171168327332,0.9040582776069641
154,0.056717053055763245,0.05936175584793091,0.9834420680999756,0.9821266531944275,0.9503201842308044,0.93450927734375,0.6072341203689575,0.6723567247390747,0.9114682674407959,0.9040798544883728
155,0.056527283042669296,0.059171441942453384,0.9834420680999756,0.9821929931640625,0.9504543542861938,0.9349405765533447,0.6071569323539734,0.6723567247390747,0.911479115486145,0.9042800664901733
156,0.056348834186792374,0.058979589492082596,0.9835180044174194,0.9823035001754761,0.9509398341178894,0.9358842968940735,0.6071569323539734,0.672316312789917,0.9117028117179871,0.9047008752822876
157,0.05616547167301178,0.058806873857975006,0.9836034178733826,0.9823698401451111,0.9516139626502991,0.9365693926811218,0.607141375541687,0.6724675297737122,0.9119951725006104,0.9051182866096497
158,0.05598993971943855,0.058640096336603165,0.9836414456367493,0.9823035001754761,0.951840877532959,0.9361498355865479,0.607280969619751,0.6724675297737122,0.9122100472450256,0.9049106240272522
159,0.055807389318943024,0.058478713035583496,0.9835702180862427,0.9822924733161926,0.9517942667007446,0.9360222816467285,0.607280969619751,0.6724177002906799,0.9122150540351868,0.9048324823379517
160,0.05563407763838768,0.05831186845898628,0.9835559725761414,0.9823698401451111,0.9518887996673584,0.9365377426147461,0.6073043346405029,0.6724177002906799,0.9123016595840454,0.9050583839416504
161,0.05546662211418152,0.058143604546785355,0.9836366772651672,0.9824250936508179,0.9524468779563904,0.9372757077217102,0.6073043346405029,0.672561526298523,0.9125685691833496,0.9056262969970703
162,0.055299896746873856,0.05797986686229706,0.9836414456367493,0.9824804067611694,0.9524800777435303,0.9381271004676819,0.6073043346405029,0.6725211143493652,0.912584125995636,0.9060709476470947
163,0.05512845516204834,0.05782412365078926,0.9836414456367493,0.9825466871261597,0.9526892304420471,0.9383658170700073,0.6072733402252197,0.6726723313331604,0.9126866459846497,0.9063305258750916
164,0.054958052933216095,0.057667843997478485,0.9836841225624084,0.982657253742218,0.9529995918273926,0.9384099245071411,0.6073141694068909,0.6746966242790222,0.9128730893135071,0.9078574180603027
165,0.054795339703559875,0.05750914663076401,0.9837838411331177,0.9827014207839966,0.9530963897705078,0.9391604065895081,0.6089629530906677,0.6746966242790222,0.9143075942993164,0.9082396030426025
166,0.05463218316435814,0.05735348165035248,0.983798086643219,0.9827567338943481,0.9533194899559021,0.9414535760879517,0.6089629530906677,0.6746966242790222,0.9143974184989929,0.9094682931900024
167,0.05446871370077133,0.05720861256122589,0.9838218092918396,0.9828783273696899,0.9542077779769897,0.9416604042053223,0.6089629530906677,0.6754940748214722,0.9148258566856384,0.9101238250732422
168,0.054313454777002335,0.057066410779953,0.9839215278625488,0.9829003810882568,0.9543397426605225,0.9415373802185059,0.6095607280731201,0.6756153702735901,0.9153372049331665,0.9101572036743164
169,0.05415680631995201,0.056928783655166626,0.9839310050010681,0.9829224944114685,0.9543191194534302,0.9419639110565186,0.6096072196960449,0.675678014755249,0.91536545753479,0.910393476486206
170,0.05400223657488823,0.05678510665893555,0.9839594960212708,0.9830772876739502,0.9546715617179871,0.9424118399620056,0.6096072196960449,0.6765782833099365,0.915529191493988,0.91124427318573
171,0.053847137838602066,0.05663863942027092,0.9841209053993225,0.9833425283432007,0.955254852771759,0.9464163780212402,0.6105100512504578,0.6765782833099365,0.916523814201355,0.9131966829299927
172,0.05369862914085388,0.05649409070611,0.9843724966049194,0.9834641218185425,0.9590718746185303,0.946510910987854,0.6105100512504578,0.6797361373901367,0.9183397889137268,0.9157737493515015
173,0.053549326956272125,0.05635250359773636,0.9845339059829712,0.9835414886474609,0.9596059322357178,0.9465360045433044,0.612642228603363,0.6800664067268372,0.9204758405685425,0.9160271883010864
174,0.05339593067765236,0.056220974773168564,0.9845955967903137,0.9835083484649658,0.959490954875946,0.9467287659645081,0.6129645109176636,0.6800664067268372,0.9206976294517517,0.9161406755447388
175,0.0532478466629982,0.0560920424759388,0.9845955967903137,0.9833315014839172,0.95967698097229,0.9442395567893982,0.6129645109176636,0.6803522109985352,0.920795738697052,0.9152770638465881
176,0.0531015582382679,0.055961478501558304,0.9845243692398071,0.9833315014839172,0.957582414150238,0.9442395567893982,0.6135573387145996,0.6803522109985352,0.9203870296478271,0.9152770638465881
177,0.0529610812664032,0.05583593621850014,0.9845339059829712,0.9833646416664124,0.957617998123169,0.9444912672042847,0.6135767102241516,0.6803017258644104,0.9204186797142029,0.9153653979301453
178,0.0528198666870594,0.0557284839451313,0.9845291376113892,0.983386754989624,0.9576228260993958,0.9445115923881531,0.6135563850402832,0.6804307699203491,0.9204034209251404,0.915473997592926
179,0.05268184095621109,0.05561479553580284,0.9845339059829712,0.9834309816360474,0.957624077796936,0.9447371363639832,0.6135820746421814,0.6804307699203491,0.9204265475273132,0.9155885577201843
180,0.052541106939315796,0.05548810586333275,0.9845148921012878,0.983386754989624,0.9575591087341309,0.943749725818634,0.6135820746421814,0.6807800531387329,0.9203662872314453,0.9153649210929871
181,0.05239793658256531,0.05536094680428505,0.9844911694526672,0.9836962819099426,0.9564960598945618,0.9460285902023315,0.613942563533783,0.6807800531387329,0.9201907515525818,0.9164341688156128
182,0.052266430109739304,0.05523865297436714,0.984861433506012,0.9835746884346008,0.9593371748924255,0.9452261924743652,0.613942563533783,0.6807800531387329,0.9214979410171509,0.9160497188568115
183,0.052131518721580505,0.055118925869464874,0.9846905469894409,0.9835636019706726,0.9583535194396973,0.9451245069503784,0.613942563533783,0.6807800531387329,0.9210251569747925,0.9160014390945435
184,0.05199454352259636,0.05500926077365875,0.9846905469894409,0.9837183356285095,0.9584257006645203,0.946377694606781,0.6138615608215332,0.6810157299041748,0.9209921956062317,0.9168003797531128
185,0.051865845918655396,0.054891325533390045,0.9848424196243286,0.9837294220924377,0.9597219824790955,0.9464571475982666,0.6140059232711792,0.6810157299041748,0.9217553734779358,0.916840136051178
186,0.051739402115345,0.054775387048721313,0.9848709106445312,0.9836630821228027,0.9598976373672485,0.9459198713302612,0.6140059232711792,0.6810157299041748,0.9218385219573975,0.9165723919868469
187,0.05160708352923393,0.05465341731905937,0.9848139882087708,0.9837183356285095,0.9594540596008301,0.9462272524833679,0.6140059232711792,0.6810157299041748,0.9216399788856506,0.91672682762146
188,0.051478102803230286,0.054508693516254425,0.9848566651344299,0.9837957620620728,0.9597113728523254,0.9466717839241028,0.6140059232711792,0.6810157299041748,0.9217575192451477,0.9169567823410034
189,0.051357436925172806,0.05440705269575119,0.9849184155464172,0.9840167760848999,0.9600867033004761,0.9468922019004822,0.613978922367096,0.6824650168418884,0.9219198226928711,0.9181006550788879
190,0.05123036354780197,0.05430750176310539,0.9850608110427856,0.9839062690734863,0.9599281549453735,0.9457513093948364,0.6150776743888855,0.6825067400932312,0.9227635264396667,0.917534589767456
191,0.051104240119457245,0.05419092997908592,0.9849278926849365,0.9837846755981445,0.9585283398628235,0.9448498487472534,0.6151576638221741,0.6825566291809082,0.9221193790435791,0.917177677154541
192,0.050981514155864716,0.05405348539352417,0.9848946332931519,0.9841052293777466,0.9582116007804871,0.9476579427719116,0.6152148842811584,0.6824276447296143,0.9221199154853821,0.9183980226516724
193,0.05086230859160423,0.05393649637699127,0.9851605296134949,0.9840942025184631,0.9605255126953125,0.9475146532058716,0.6151891946792603,0.6824276447296143,0.9231019020080566,0.9183244109153748
194,0.050742145627737045,0.053838808089494705,0.9851557612419128,0.9839615225791931,0.9496105313301086,0.945281982421875,0.6151891946792603,0.6836879253387451,0.9231019020080566,0.9181594252586365
195,0.050621721893548965,0.05374106019735336,0.9850513339042664,0.9839172959327698,0.9477627277374268,0.9450492262840271,0.6161301136016846,0.6836879253387451,0.9230465888977051,0.9180444478988647
196,0.05049928277730942,0.05361904948949814,0.985037088394165,0.983928382396698,0.9478815197944641,0.9452321529388428,0.6161301136016846,0.6836879253387451,0.9231110215187073,0.9181298613548279
197,0.05037754029035568,0.05349229276180267,0.9850513339042664,0.9839726090431213,0.9481115937232971,0.9453270435333252,0.6161301136016846,0.6838932633399963,0.9232192635536194,0.9183014631271362
198,0.050260480493307114,0.05337854102253914,0.9851082563400269,0.9840388894081116,0.9481990337371826,0.9457713961601257,0.6163844466209412,0.6838932633399963,0.9234596490859985,0.9185145497322083
199,0.05014289543032646,0.05329915136098862,0.9851272702217102,0.9840499758720398,0.9482946395874023,0.945973813533783,0.616322934627533,0.6927069425582886,0.9234462976455688,0.9192659258842468
200,0.05002721771597862,0.05320517346262932,0.9851842522621155,0.9841604828834534,0.9486700296401978,0.9461482763290405,0.623790979385376,0.6937491297721863,0.9238750338554382,0.9200801849365234
201,0.049915507435798645,0.05308716744184494,0.9853266477584839,0.9841604828834534,0.9490149021148682,0.9463024735450745,0.6251832246780396,0.6936088800430298,0.925089418888092,0.9200593829154968
202,0.04980605095624924,0.05297236889600754,0.9853551387786865,0.9842047095298767,0.9485019445419312,0.9359833002090454,0.6250658631324768,0.6936088800430298,0.9247328042984009,0.9201950430870056
203,0.049692973494529724,0.05287465825676918,0.9854073524475098,0.984182596206665,0.9488118886947632,0.9358577132225037,0.6250658631324768,0.6936088800430298,0.924862265586853,0.9201337695121765
204,0.04957353323698044,0.052768778055906296,0.9853931069374084,0.9842157363891602,0.9487106800079346,0.9357497096061707,0.6250658631324768,0.6938738226890564,0.9248170852661133,0.9202732443809509
205,0.04945917800068855,0.052651409059762955,0.9854405522346497,0.984337329864502,0.9484051465988159,0.9359269142150879,0.6254937052726746,0.6949990391731262,0.925021231174469,0.9211984872817993
206,0.049348872154951096,0.052528925240039825,0.9855450391769409,0.9843484163284302,0.9484755396842957,0.936016321182251,0.6263638734817505,0.6948552131652832,0.9257946610450745,0.9211429357528687
207,0.04924054816365242,0.05242734029889107,0.9855450391769409,0.984470009803772,0.9485419392585754,0.9369741678237915,0.6263257265090942,0.6947137713432312,0.9258002638816833,0.9215133190155029
208,0.049132347106933594,0.05234897509217262,0.9857111573219299,0.9844810366630554,0.9497495293617249,0.9369295835494995,0.6262266635894775,0.6948552131652832,0.9263086915016174,0.921582043170929
209,0.049020517617464066,0.05225607752799988,0.9857538938522339,0.9845473766326904,0.9499055743217468,0.9372808933258057,0.6263638734817505,0.6949050426483154,0.926478922367096,0.9217860698699951
210,0.04890971630811691,0.05212928727269173,0.9857918620109558,0.9846247434616089,0.9502103924751282,0.9379042983055115,0.6263638734817505,0.6949050426483154,0.9266148209571838,0.9220827221870422
211,0.048804622143507004,0.052029483020305634,0.9858108758926392,0.9846468567848206,0.9503931403160095,0.9378310441970825,0.6263257265090942,0.695145845413208,0.9266660213470459,0.9222244620323181
212,0.04869680479168892,0.05195075646042824,0.9858630895614624,0.9845916032791138,0.9502585530281067,0.9373909831047058,0.6267109513282776,0.695145845413208,0.9269362092018127,0.9220029711723328
213,0.04858915135264397,0.051858387887477875,0.985844075679779,0.9846136569976807,0.9501184225082397,0.9374561309814453,0.6267109513282776,0.6952466368675232,0.9268715381622314,0.9221044182777405
214,0.04848095402121544,0.05173482745885849,0.9858583211898804,0.984657883644104,0.9501233696937561,0.9378631114959717,0.6267672777175903,0.695145845413208,0.9269174933433533,0.9222358465194702
215,0.048379648476839066,0.051628097891807556,0.9858535528182983,0.9847131371498108,0.9502135515213013,0.9380761384963989,0.6266915798187256,0.6952466368675232,0.9269004464149475,0.9224075675010681
216,0.04827583581209183,0.051553577184677124,0.985886812210083,0.9846799969673157,0.9503281712532043,0.9378196597099304,0.6267672777175903,0.6952466368675232,0.9270122647285461,0.9222835302352905
217,0.04816610738635063,0.05144880339503288,0.985891580581665,0.9847131371498108,0.9502854347229004,0.9380761384963989,0.6267982721328735,0.6952466368675232,0.9270162582397461,0.9224075675010681
218,0.048061009496450424,0.05134158954024315,0.9858962893486023,0.9847352504730225,0.9503310322761536,0.9383981227874756,0.6267982721328735,0.6952466368675232,0.9270381927490234,0.9225339293479919
219,0.047971319407224655,0.05129295587539673,0.9858962893486023,0.9847352504730225,0.9503310322761536,0.9383519887924194,0.6267982721328735,0.6952884197235107,0.9270381927490234,0.9225385785102844
220,0.04785655438899994,0.05120224878191948,0.9858962893486023,0.9848237037658691,0.9503319263458252,0.9389688372612,0.6267982721328735,0.7040603160858154,0.9270392060279846,0.9233807325363159
221,0.04775450751185417,0.05107899010181427,0.9859912395477295,0.9848679304122925,0.940576434135437,0.9391841292381287,0.6347348093986511,0.7040603160858154,0.9279153347015381,0.9234838485717773
222,0.047656748443841934,0.0510018952190876,0.9860387444496155,0.9848458170890808,0.9408130049705505,0.9390699863433838,0.6347348093986511,0.7040603160858154,0.9280242919921875,0.9234309792518616
223,0.04755141958594322,0.05092339962720871,0.9860149621963501,0.9848789572715759,0.9407020211219788,0.9385783672332764,0.6347348093986511,0.705313503742218,0.9279730319976807,0.9241542816162109
224,0.04745054244995117,0.05082104727625847,0.9860102534294128,0.9849010705947876,0.940066397190094,0.9387294054031372,0.6356648802757263,0.705313503742218,0.9284259676933289,0.9242273569107056
225,0.0473526194691658,0.05074241757392883,0.9860292077064514,0.9849563241004944,0.9402133226394653,0.9387586116790771,0.6356648802757263,0.7055569291114807,0.9284971356391907,0.9244075417518616
226,0.04725578427314758,0.050668634474277496,0.9860767126083374,0.9849342107772827,0.9402086734771729,0.9386974573135376,0.6358687877655029,0.7055569291114807,0.928653359413147,0.9243781566619873
227,0.04714948311448097,0.05055578798055649,0.9860814213752747,0.9850779175758362,0.9403418302536011,0.9394945502281189,0.6358687877655029,0.7055569291114807,0.9287152886390686,0.9247244596481323
228,0.04705742001533508,0.050489392131567,0.9862048625946045,0.9850558042526245,0.9410799741744995,0.939271092414856,0.6358072757720947,0.7056312561035156,0.9289677739143372,0.9246585965156555
229,0.04695496708154678,0.05040661245584488,0.9862191081047058,0.9850668907165527,0.9410545229911804,0.9392842054367065,0.6359475255012512,0.7056816220283508,0.9290674328804016,0.924706220626831
230,0.046854760497808456,0.050322026014328,0.9862523674964905,0.9850668907165527,0.9411490559577942,0.9392842054367065,0.6360699534416199,0.7056816220283508,0.9291988611221313,0.924706220626831
231,0.04675600305199623,0.050240423530340195,0.9862570762634277,0.9850226640701294,0.9411793947219849,0.9390166997909546,0.6360699534416199,0.7056816220283508,0.929213285446167,0.9245763421058655
232,0.04666147381067276,0.05016680061817169,0.9862381219863892,0.9850226640701294,0.9410265684127808,0.9389711022377014,0.6360699534416199,0.7057234048843384,0.9291419386863708,0.9245806336402893
233,0.046561434864997864,0.050073083490133286,0.9862428307533264,0.9851110577583313,0.9410297274589539,0.9410592913627625,0.6360859274864197,0.7056607604026794,0.9291555285453796,0.9253539443016052
234,0.04646030813455582,0.04998045042157173,0.986318826675415,0.9851884841918945,0.9427495002746582,0.9411125779151917,0.6360859274864197,0.7060068845748901,0.9297930002212524,0.9256172776222229
235,0.0463627390563488,0.04991878196597099,0.9863899946212769,0.9853984713554382,0.9428669214248657,0.9438595175743103,0.6363518834114075,0.7194228172302246,0.9300658106803894,0.9246371984481812
236,0.046274516731500626,0.049863748252391815,0.9865988492965698,0.9853100180625916,0.9455636143684387,0.9403362274169922,0.6497828960418701,0.7196654081344604,0.9299446940422058,0.9232235550880432
237,0.046171948313713074,0.04974167048931122,0.9865039587020874,0.9855310916900635,0.9415757656097412,0.9462547898292542,0.6499879360198975,0.7194228172302246,0.9286929368972778,0.9255934357643127
238,0.04607740044593811,0.04963276535272598,0.9867128133773804,0.9856195449829102,0.9475071430206299,0.9467365145683289,0.6498019695281982,0.7194228172302246,0.9306994676589966,0.9258290529251099
239,0.04598535969853401,0.04958552122116089,0.9867935180664062,0.9856085181236267,0.9479448199272156,0.9461621046066284,0.6498019695281982,0.7197489142417908,0.9309071898460388,0.9257585406303406
240,0.04588397219777107,0.04952462762594223,0.9867697954177856,0.9855753183364868,0.9475936889648438,0.9458264708518982,0.6500040292739868,0.7198578715324402,0.9308803677558899,0.9256612062454224
241,0.045786838978528976,0.04940543323755264,0.9867555499076843,0.9856858849525452,0.9473783373832703,0.9467900395393372,0.6500620245933533,0.7198578715324402,0.9308308362960815,0.9261761903762817
242,0.04569132253527641,0.04931765794754028,0.9868267178535461,0.9856747984886169,0.9477750658988953,0.9467557072639465,0.6500620245933533,0.7198578715324402,0.931019127368927,0.9261616468429565
243,0.04559211805462837,0.04924831539392471,0.9868077635765076,0.9856416583061218,0.9374804496765137,0.9466209411621094,0.6500779986381531,0.7198578715324402,0.9309284687042236,0.9260953068733215
244,0.045492127537727356,0.04915205016732216,0.9867792725563049,0.9857300519943237,0.9374930262565613,0.9466944336891174,0.6500779986381531,0.7201822996139526,0.9309333562850952,0.926336407661438
245,0.04539933055639267,0.04905097559094429,0.9868362545967102,0.9857521653175354,0.9375801682472229,0.9468196630477905,0.6502156853675842,0.7201822996139526,0.9310797452926636,0.9263984560966492
246,0.045300520956516266,0.04896941035985947,0.9868362545967102,0.9857521653175354,0.9375907182693481,0.9468196630477905,0.6502156853675842,0.7201822996139526,0.9310843348503113,0.9263984560966492
247,0.045206647366285324,0.048907432705163956,0.9868552088737488,0.9857300519943237,0.9376029372215271,0.9466678500175476,0.6502796411514282,0.7201822996139526,0.931136429309845,0.9263215065002441
248,0.04510826617479324,0.048799049109220505,0.9868836998939514,0.9857300519943237,0.9375391006469727,0.9466678500175476,0.6504404544830322,0.7201822996139526,0.9312303066253662,0.9263215065002441
249,0.045013099908828735,0.0486961305141449,0.9868836998939514,0.9858185052871704,0.9375391006469727,0.9471865892410278,0.6504404544830322,0.7201822996139526,0.9312303066253662,0.9265807271003723
250,0.04492983967065811,0.048649515956640244,0.9869169592857361,0.9857300519943237,0.937946617603302,0.9466678500175476,0.650366485118866,0.7201822996139526,0.9313691258430481,0.9263215065002441
251,0.04482794925570488,0.04854407161474228,0.9868789315223694,0.9858958721160889,0.9375131726264954,0.9490286707878113,0.6504404544830322,0.7202382683753967,0.9312185049057007,0.9273955821990967
252,0.04473530501127243,0.048436518758535385,0.9870593547821045,0.9861500859260559,0.9398199915885925,0.9516464471817017,0.650509238243103,0.7201293110847473,0.9323623776435852,0.9284742474555969
253,0.04464607685804367,0.04837915673851967,0.9872682094573975,0.9861169457435608,0.9420408010482788,0.9497944712638855,0.6504512429237366,0.7289820909500122,0.93330317735672,0.9282604455947876
254,0.044550713151693344,0.04829980805516243,0.9872350096702576,0.9862385392189026,0.9406909942626953,0.9519105553627014,0.658464789390564,0.7289276123046875,0.9331637024879456,0.929172158241272
255,0.04445876181125641,0.04819919541478157,0.9873679280281067,0.9862274527549744,0.9428262114524841,0.9518498182296753,0.658464789390564,0.7289276123046875,0.9341674447059631,0.9291433095932007
256,0.044363439083099365,0.048128362745046616,0.9873583912849426,0.9863932728767395,0.9427974224090576,0.9530376195907593,0.658383846282959,0.7291630506515503,0.934084951877594,0.929839015007019
257,0.0442679226398468,0.048056963831186295,0.9875767827033997,0.9864596128463745,0.9440135955810547,0.9534135460853577,0.6588495969772339,0.7369602918624878,0.9349970817565918,0.929895281791687
258,0.04417717084288597,0.04797353968024254,0.9876337647438049,0.9863269329071045,0.9444594383239746,0.9522675275802612,0.6645559072494507,0.7369602918624878,0.9338653683662415,0.9293804168701172
259,0.04407990723848343,0.04787270724773407,0.9875198006629944,0.9863380193710327,0.9434192180633545,0.9523192644119263,0.6646174192428589,0.7369602918624878,0.9334418773651123,0.9294067025184631
260,0.0439881831407547,0.047801125794649124,0.9875150918960571,0.9863932728767395,0.9433942437171936,0.9528160691261292,0.6646174192428589,0.7434888482093811,0.9334304332733154,0.9286029934883118
261,0.0438961386680603,0.047761220484972,0.9875673055648804,0.9864485263824463,0.9528851509094238,0.9531421661376953,0.6720184683799744,0.7522608041763306,0.9333247542381287,0.9292729496955872
262,0.04379967227578163,0.047663137316703796,0.9876242280006409,0.9864264130592346,0.9625005722045898,0.9515347480773926,0.6799549460411072,0.7522048950195312,0.9336056113243103,0.9286012053489685
263,0.043707408010959625,0.04755168408155441,0.987553060054779,0.9864485263824463,0.9603572487831116,0.95159512758255,0.6798474192619324,0.7522608041763306,0.9328803420066833,0.9286662936210632
264,0.043609198182821274,0.047443948686122894,0.9875720143318176,0.9864153861999512,0.9602603316307068,0.9517173767089844,0.6799549460411072,0.7519423961639404,0.932921290397644,0.9285262823104858
265,0.043517641723155975,0.04738698527216911,0.9875198006629944,0.9864596128463745,0.9603257775306702,0.9514495730400085,0.6796740889549255,0.7523604035377502,0.9327577948570251,0.9286823272705078
266,0.043426286429166794,0.04734928160905838,0.9875625371932983,0.9864374995231628,0.9701447486877441,0.9512224197387695,0.6800312995910645,0.7524694204330444,0.9328904151916504,0.9286316633224487
267,0.043334852904081345,0.047259144484996796,0.9875625371932983,0.9865480065345764,0.969746470451355,0.9521598815917969,0.6802829504013062,0.7524694204330444,0.9328989386558533,0.9290583729743958
268,0.04324626550078392,0.04715920239686966,0.9876717329025269,0.986603319644928,0.9706428050994873,0.9524062275886536,0.6803016662597656,0.7524694204330444,0.9333234429359436,0.9291712045669556
269,0.043156594038009644,0.04708390310406685,0.9877334237098694,0.9864374995231628,0.9708775281906128,0.9508693814277649,0.6803016662597656,0.7523182034492493,0.933441698551178,0.9284173846244812
270,0.04306545481085777,0.047006335109472275,0.9876147508621216,0.9864153861999512,0.9706314206123352,0.9507670402526855,0.6802608370780945,0.7523182034492493,0.9333634972572327,0.9283673763275146
271,0.04296860098838806,0.04689706489443779,0.9876052737236023,0.9865922331809998,0.9705498814582825,0.9620121121406555,0.6802608370780945,0.7523182034492493,0.9333293437957764,0.9289271235466003
272,0.04288405925035477,0.04685679078102112,0.9877524375915527,0.9867359399795532,0.9725381731987,0.9669066667556763,0.6802608370780945,0.752714991569519,0.9342450499534607,0.9310394525527954
273,0.04279142990708351,0.04678937420248985,0.9879043102264404,0.9867138266563416,0.9766238331794739,0.9667767882347107,0.6807310581207275,0.752714991569519,0.9359135627746582,0.9309834241867065
274,0.042701222002506256,0.04665861651301384,0.9878568649291992,0.9868133068084717,0.9763107895851135,0.9677045345306396,0.6807697415351868,0.7523924708366394,0.935798704624176,0.9311851859092712
275,0.04261801391839981,0.04661411792039871,0.987975537776947,0.9867690801620483,0.9774503111839294,0.9627990126609802,0.6804037094116211,0.752714991569519,0.936036229133606,0.9286407232284546
276,0.04252907633781433,0.04656966030597687,0.9879660606384277,0.9868354201316833,0.9726707935333252,0.9628208875656128,0.6807697415351868,0.7531599998474121,0.9340651631355286,0.9289011359214783
277,0.04243436083197594,0.04645026475191116,0.9879850149154663,0.9870343804359436,0.9724948406219482,0.9689098000526428,0.6810372471809387,0.752789318561554,0.9341700673103333,0.931979775428772
278,0.04235043749213219,0.04640040546655655,0.9881796836853027,0.9868354201316833,0.9787993431091309,0.9627889394760132,0.6807119250297546,0.7531599998474121,0.9368549585342407,0.9289022088050842
279,0.042253363877534866,0.046312373131513596,0.9880040287971497,0.9869680404663086,0.9726747274398804,0.9627959132194519,0.6809794306755066,0.7563972473144531,0.934212863445282,0.9315488338470459
280,0.04216812178492546,0.04626064747571945,0.9881796836853027,0.9869901537895203,0.9726747274398804,0.962746798992157,0.6840003728866577,0.7566425204277039,0.9369251728057861,0.931682288646698
281,0.042076099663972855,0.04617456719279289,0.9882366061210632,0.9871670007705688,0.9726765155792236,0.9640888571739197,0.6844193935394287,0.7566425204277039,0.9372304677963257,0.9322913885116577
282,0.04199228808283806,0.046095751225948334,0.988407552242279,0.9871117472648621,0.9740445017814636,0.963797390460968,0.6844193935394287,0.7566425204277039,0.9378427863121033,0.9321545362472534
283,0.04189985990524292,0.04601119086146355,0.9883933067321777,0.9870012402534485,0.9739397764205933,0.962806761264801,0.6844380497932434,0.7566425204277039,0.937808632850647,0.9317150712013245
284,0.04181104525923729,0.045926857739686966,0.9882888793945312,0.9872002005577087,0.9728176593780518,0.9641940593719482,0.6844952702522278,0.7567863464355469,0.9373589754104614,0.9324585795402527
285,0.04172667860984802,0.04587139934301376,0.9884312748908997,0.9869901537895203,0.9740369319915771,0.9629319906234741,0.6844952702522278,0.7566837668418884,0.9379031658172607,0.9318240284919739
286,0.04163510724902153,0.045784104615449905,0.9883268475532532,0.9871117472648621,0.9729806780815125,0.9638394713401794,0.6845510601997375,0.7566837668418884,0.9374728798866272,0.932219922542572
287,0.041548263281583786,0.04572010412812233,0.9884312748908997,0.9870012402534485,0.9738210439682007,0.9626607894897461,0.6845510601997375,0.7567645907402039,0.937834620475769,0.9317485094070435
288,0.041455332189798355,0.045639898627996445,0.9883315563201904,0.9871670007705688,0.9726768732070923,0.9640046954154968,0.6846285462379456,0.75688236951828,0.937385082244873,0.9324420094490051
289,0.04137416183948517,0.04560742899775505,0.9884882569313049,0.9871007204055786,0.974018931388855,0.9626378417015076,0.6846994161605835,0.7657040953636169,0.9380481839179993,0.9323862195014954
290,0.0412771999835968,0.0454445481300354,0.988402783870697,0.987399160861969,0.9725862145423889,0.9644452929496765,0.6927570104598999,0.7657040953636169,0.9380171298980713,0.9332261681556702
291,0.041201792657375336,0.04545849934220314,0.988616406917572,0.9873880743980408,0.9741893410682678,0.9626500010490417,0.6926279664039612,0.7688926458358765,0.9386518597602844,0.9346023201942444
292,0.041102513670921326,0.04535020887851715,0.9886401295661926,0.9872333407402039,0.9723860621452332,0.9635091423988342,0.6954585313796997,0.7665317058563232,0.9400269389152527,0.9333510994911194
293,0.04102133587002754,0.04524713382124901,0.9885025024414062,0.9872443675994873,0.9733903408050537,0.9635611176490784,0.6933960318565369,0.7665317058563232,0.9388434886932373,0.9333786368370056
294,0.0409340001642704,0.045237135142087936,0.9885404706001282,0.9874212741851807,0.9735801219940186,0.9618690013885498,0.6933960318565369,0.7704972624778748,0.9389326572418213,0.9353496432304382
295,0.04084211587905884,0.045084111392498016,0.9887730479240417,0.9875760078430176,0.9722864627838135,0.9644153118133545,0.6970896124839783,0.7750015258789062,0.9411711692810059,0.9341287612915039
296,0.04076177626848221,0.04504997655749321,0.9888205528259277,0.987874448299408,0.9739990234375,0.9641811847686768,0.7011403441429138,0.777491569519043,0.9394735097885132,0.9357097744941711
297,0.04067171365022659,0.04498407244682312,0.9891386032104492,0.987719714641571,0.9742007851600647,0.9628064632415771,0.7033055424690247,0.777491569519043,0.9412527084350586,0.9351046681404114
298,0.04057692363858223,0.04484522342681885,0.9890246391296387,0.9878633618354797,0.9730547666549683,0.9641726016998291,0.7034075856208801,0.7772817611694336,0.9408116340637207,0.9355867505073547
299,0.04050291329622269,0.04490498825907707,0.9891528487205505,0.987874448299408,0.9744811654090881,0.9631716012954712,0.7032178044319153,0.7793394923210144,0.9413217902183533,0.9364709854125977
300,0.04040927439928055,0.044744379818439484,0.9892335534095764,0.9879739284515381,0.9736926555633545,0.963787853717804,0.7049873471260071,0.779258668422699,0.9422522187232971,0.9367198944091797
301,0.040318429470062256,0.044599466025829315,0.989300012588501,0.9879518151283264,0.9741207957267761,0.9639562368392944,0.7049408555030823,0.778896689414978,0.9424195289611816,0.9365667104721069
302,0.040252432227134705,0.04470311850309372,0.9892715215682983,0.9877528548240662,0.9743384718894958,0.9620704054832458,0.7046646475791931,0.7793394923210144,0.9423201084136963,0.9359844923019409
303,0.04014948010444641,0.044502198696136475,0.9890910983085632,0.9879849553108215,0.9723500609397888,0.9637608528137207,0.7049873471260071,0.779258668422699,0.9416653513908386,0.9367163777351379
304,0.040058329701423645,0.044359367340803146,0.989257276058197,0.9879739284515381,0.9738848209381104,0.9638020396232605,0.7048388123512268,0.7791497111320496,0.9422504901885986,0.9366731643676758
305,0.039981190115213394,0.04448885843157768,0.9892619848251343,0.9877086281776428,0.9740128517150879,0.9618340134620667,0.7047613859176636,0.7793394923210144,0.9422526955604553,0.9358705282211304
306,0.039888814091682434,0.04429613798856735,0.9890103936195374,0.9879518151283264,0.971802294254303,0.9635937809944153,0.705035388469696,0.779230535030365,0.9414597153663635,0.9366140961647034
307,0.0397963784635067,0.044131215661764145,0.989257276058197,0.9880734086036682,0.9737716317176819,0.9684155583381653,0.7049099206924438,0.7791497111320496,0.9422478675842285,0.9392956495285034
308,0.03973480314016342,0.04428986832499504,0.9893949031829834,0.9877970814704895,0.978939414024353,0.9617584347724915,0.704863429069519,0.7796478867530823,0.9446315169334412,0.9360232949256897
309,0.03963214159011841,0.04405892267823219,0.9890673756599426,0.9879960417747498,0.9724531173706055,0.9633767008781433,0.7052245140075684,0.7795081734657288,0.9419053792953491,0.9366791844367981
310,0.039530329406261444,0.04384250193834305,0.9892904758453369,0.9881839156150818,0.9743553400039673,0.9686739444732666,0.7050362825393677,0.7792505025863647,0.9426326155662537,0.9394822120666504
311,0.0394674688577652,0.04398437961935997,0.989461362361908,0.9879628419876099,0.9799681901931763,0.9629398584365845,0.7047817707061768,0.7799403071403503,0.9450746774673462,0.9367693662643433
312,0.039354484528303146,0.04391048848628998,0.989295244216919,0.9879297018051147,0.9739024639129639,0.9627872109413147,0.7058664560317993,0.7799403071403503,0.943044900894165,0.9366959929466248
313,0.039266135543584824,0.04368972405791283,0.9893237352371216,0.9880844354629517,0.9740633368492126,0.9637932777404785,0.7058664560317993,0.7797504663467407,0.9431239366531372,0.9370880126953125
314,0.039190590381622314,0.04363483935594559,0.98946613073349,0.9881176352500916,0.9758344292640686,0.9640628695487976,0.7057424783706665,0.7798594236373901,0.9438990354537964,0.9372934699058533
315,0.03909153863787651,0.04363327473402023,0.9894471764564514,0.98806232213974,0.9757675528526306,0.9633139371871948,0.7058199048042297,0.7802894711494446,0.9439219832420349,0.937192440032959
316,0.03900584951043129,0.043459706008434296,0.9894281625747681,0.988128662109375,0.9751127362251282,0.9641167521476746,0.7062604427337646,0.7798594236373901,0.9439413547515869,0.9373190999031067
317,0.03892029821872711,0.043430082499980927,0.9894803762435913,0.9880734086036682,0.9758352637290955,0.9636946320533752,0.7059469819068909,0.7799403071403503,0.9440469145774841,0.9371606707572937
318,0.038829803466796875,0.043413255363702774,0.9894186854362488,0.9880402088165283,0.9753829836845398,0.9632158279418945,0.7059934735298157,0.7801805734634399,0.9438744783401489,0.9370989203453064
319,0.03874041140079498,0.04321396350860596,0.9893094897270203,0.9880844354629517,0.9743944406509399,0.9641199111938477,0.7061905860900879,0.7795818448066711,0.9435745477676392,0.9371375441551208
320,0.03865997865796089,0.043182358145713806,0.9894091486930847,0.9880844354629517,0.9756214022636414,0.963657796382904,0.7057162523269653,0.7801702618598938,0.943781852722168,0.937289834022522
321,0.03856406360864639,0.04315745085477829,0.9893996715545654,0.9880844354629517,0.9747007489204407,0.9635404348373413,0.7066425085067749,0.7802792191505432,0.9440301060676575,0.9372910261154175
322,0.03848295658826828,0.043036237359046936,0.9894139170646667,0.9883497357368469,0.974681556224823,0.9656356573104858,0.7067199349403381,0.7801105380058289,0.9440764784812927,0.9381751418113708
323,0.03840291500091553,0.04301198571920395,0.9896560311317444,0.9880734086036682,0.9765722751617432,0.9637007713317871,0.7066231369972229,0.7800015211105347,0.9448508024215698,0.9371933937072754
324,0.0383126363158226,0.042871084064245224,0.9894518852233887,0.988449215888977,0.9748868942260742,0.9657779335975647,0.7067005634307861,0.7805857062339783,0.9441519379615784,0.9385558366775513
325,0.038221973925828934,0.042782824486494064,0.9897462129592896,0.9884160757064819,0.9767349362373352,0.9657001495361328,0.7069581151008606,0.7804767489433289,0.9451709985733032,0.9384554624557495
326,0.03814271464943886,0.04281897470355034,0.9897177219390869,0.9881618022918701,0.9766719341278076,0.9635722637176514,0.7068806886672974,0.781252384185791,0.9450876116752625,0.9379058480262756
327,0.038058847188949585,0.0426638163626194,0.9895610809326172,0.9884271025657654,0.9752271771430969,0.965861439704895,0.7083402872085571,0.7810426950454712,0.9455721974372864,0.9388638734817505
328,0.037977635860443115,0.042552925646305084,0.9897509813308716,0.988537609577179,0.9769197702407837,0.9664225578308105,0.708186686038971,0.7810426950454712,0.9462206363677979,0.9391416311264038
329,0.037896446883678436,0.04257802665233612,0.989888608455658,0.9883939623832703,0.9776901602745056,0.9653587937355042,0.708186686038971,0.7852001786231995,0.9465752243995667,0.9353989362716675
330,0.03781406208872795,0.04245443269610405,0.9898126721382141,0.988670289516449,0.9766719341278076,0.9709864854812622,0.7130249738693237,0.7852001786231995,0.9439752697944641,0.9384735226631165
331,0.037732724100351334,0.04241364821791649,0.9900453090667725,0.9886150360107422,0.9825666546821594,0.9708411693572998,0.7128701210021973,0.7850314974784851,0.9466067552566528,0.9382886290550232
332,0.037654463201761246,0.042377546429634094,0.9900690317153931,0.9886150360107422,0.9826206564903259,0.9707776308059692,0.7129281759262085,0.7851755023002625,0.9466595649719238,0.9383625984191895
333,0.03756798803806305,0.04223087057471275,0.9900785088539124,0.9887586832046509,0.9825058579444885,0.9718340635299683,0.7131044864654541,0.7850068807601929,0.9467452168464661,0.9387381672859192
334,0.0374896265566349,0.042205337435007095,0.9901782274246216,0.988670289516449,0.9834365248680115,0.9712038636207581,0.7129669189453125,0.7850068807601929,0.9470588564872742,0.9384475946426392
335,0.03740784898400307,0.042153555899858475,0.9901449680328369,0.988670289516449,0.9830309152603149,0.9710602164268494,0.7130208611488342,0.7851158380508423,0.9469067454338074,0.9384447932243347
336,0.03732806444168091,0.04203006997704506,0.9901924729347229,0.9887807965278625,0.9828816652297974,0.9718965888023376,0.7133603096008301,0.784972071647644,0.9470962882041931,0.9387266039848328
337,0.037250109016895294,0.041982751339673996,0.990315854549408,0.9887476563453674,0.9838144779205322,0.9718057513237,0.7133194804191589,0.7848378419876099,0.9474871754646301,0.9385930299758911
338,0.037165895104408264,0.04197210073471069,0.9903063774108887,0.9886592030525208,0.9838137030601501,0.9709043502807617,0.7132444977760315,0.7850728631019592,0.9474273920059204,0.9383339285850525
339,0.03709376975893974,0.0418907031416893,0.9902161955833435,0.9887255430221558,0.9829180240631104,0.9714925289154053,0.7134690284729004,0.7850728631019592,0.9471856951713562,0.9385966062545776
340,0.03701113909482956,0.041727639734745026,0.9902493953704834,0.9887697696685791,0.9833978414535522,0.9718907475471497,0.7133980989456177,0.7849221229553223,0.9473521113395691,0.9386898875236511
341,0.036946237087249756,0.04174157604575157,0.9902636408805847,0.9887365698814392,0.9837433099746704,0.9711947441101074,0.7130792140960693,0.7851725816726685,0.9472717642784119,0.9385290145874023
342,0.03685629740357399,0.041622936725616455,0.9902304410934448,0.9887476563453674,0.982527494430542,0.9716483950614929,0.7135643362998962,0.7850218415260315,0.947088897228241,0.9386462569236755
343,0.03677859529852867,0.04154745489358902,0.9903348684310913,0.9888029098510742,0.9837181568145752,0.9719297289848328,0.7135075330734253,0.7849221229553223,0.9475774765014648,0.9387052059173584
344,0.03670770674943924,0.041623637080192566,0.99032062292099,0.9887586832046509,0.983192503452301,0.9707095623016357,0.7134312391281128,0.7855849862098694,0.9472935199737549,0.9385732412338257
345,0.03662455826997757,0.041407473385334015,0.9903111457824707,0.9887586832046509,0.9824127554893494,0.9717441201210022,0.7140282988548279,0.7848131656646729,0.9473553895950317,0.9385682940483093
346,0.036548394709825516,0.041330743581056595,0.9902873635292053,0.9887697696685791,0.9830866456031799,0.9717553853988647,0.71335369348526,0.7848131656646729,0.9471944570541382,0.9385778307914734
347,0.03647884726524353,0.04143288731575012,0.9902873635292053,0.9888029098510742,0.9830866456031799,0.9703119993209839,0.71335369348526,0.7859705090522766,0.9471944570541382,0.9386163949966431
348,0.03640621528029442,0.041191477328538895,0.9904440641403198,0.9889023900032043,0.9826533198356628,0.972257673740387,0.7143658399581909,0.7850230932235718,0.9477000832557678,0.9389652609825134
349,0.03633502125740051,0.04115168750286102,0.9903918504714966,0.9887807965278625,0.9834364056587219,0.9719406366348267,0.713495671749115,0.7849810123443604,0.9474573135375977,0.938775897026062
350,0.03624960780143738,0.04119373857975006,0.990315854549408,0.988990843296051,0.9830466508865356,0.9711253643035889,0.7135290503501892,0.7868607044219971,0.9473004937171936,0.9396639466285706
351,0.03617696836590767,0.040997911244630814,0.9906196594238281,0.9889576435089111,0.9829098582267761,0.9727138876914978,0.7153130173683167,0.7851364612579346,0.948547899723053,0.9392674565315247
352,0.03609801083803177,0.040954891592264175,0.9904250502586365,0.988990843296051,0.983855128288269,0.9724345207214355,0.7136049866676331,0.7856298685073853,0.9477276802062988,0.9394427537918091
353,0.036024726927280426,0.04100950434803963,0.9905057549476624,0.9889355301856995,0.9837877154350281,0.9703682661056519,0.7140650749206543,0.7870705127716064,0.9480205178260803,0.9394057393074036
354,0.03594842553138733,0.040798403322696686,0.9906244277954102,0.9890350103378296,0.9826823472976685,0.9728490114212036,0.7154812216758728,0.7854253053665161,0.9485509991645813,0.9395220279693604
355,0.03588419780135155,0.040827322751283646,0.9905152320861816,0.9890460968017578,0.9839363694190979,0.9716987013816833,0.7139694094657898,0.7865427732467651,0.948021411895752,0.9397849440574646
356,0.035800639539957047,0.04078197106719017,0.9906623959541321,0.9890903234481812,0.9837945699691772,0.9717602729797363,0.7150202393531799,0.7866631150245667,0.9487577676773071,0.9398788213729858
357,0.03573374077677727,0.04062948003411293,0.9906719326972961,0.9891566038131714,0.9838539958000183,0.9729265570640564,0.7150273323059082,0.7863113880157471,0.9487738609313965,0.9401980638504028
358,0.03565870597958565,0.04059569165110588,0.9906719326972961,0.9890239834785461,0.9842021465301514,0.9719154834747314,0.714788019657135,0.786409854888916,0.9487627148628235,0.9397497177124023
359,0.03557944670319557,0.04054936394095421,0.9906244277954102,0.9890460968017578,0.9836673140525818,0.9713734984397888,0.7148758769035339,0.7867639064788818,0.9485732913017273,0.9397280812263489
360,0.03550531715154648,0.04042874276638031,0.9907146096229553,0.9891234636306763,0.9838925004005432,0.9723663926124573,0.7152042984962463,0.7864614725112915,0.9488881230354309,0.9400022029876709
361,0.03544662892818451,0.04046246036887169,0.9907099008560181,0.9891013503074646,0.9842426776885986,0.9717090129852295,0.7148954272270203,0.7868143916130066,0.9488301873207092,0.9399408102035522
362,0.03536443039774895,0.04041276127099991,0.9907715916633606,0.9891234636306763,0.9840270280838013,0.9717709422111511,0.7153239250183105,0.7868636250495911,0.9490483403205872,0.9399990439414978
363,0.03529265895485878,0.04023704305291176,0.9907573461532593,0.9891234636306763,0.9839105606079102,0.972804605960846,0.7153854370117188,0.7861849069595337,0.9490485191345215,0.9400741457939148
364,0.03522435575723648,0.04028124362230301,0.990705132484436,0.9890792369842529,0.9844194650650024,0.9721651673316956,0.7147362232208252,0.795233428478241,0.9488388299942017,0.9404206871986389
365,0.03514885902404785,0.04023530334234238,0.9907288551330566,0.9890792369842529,0.9840943217277527,0.9717245101928711,0.7229629755020142,0.7954539060592651,0.9493299722671509,0.9403247237205505
366,0.03508325666189194,0.04010405018925667,0.9908048510551453,0.9891013503074646,0.984028697013855,0.9721666574478149,0.7233126759529114,0.7951775193214417,0.9495270848274231,0.9403607845306396
367,0.03501013666391373,0.04006519913673401,0.9907336235046387,0.9891234636306763,0.9842166304588318,0.9718477129936218,0.7227616906166077,0.7956128716468811,0.9492279887199402,0.9404762983322144
368,0.034939058125019073,0.04003593325614929,0.9907621145248413,0.9892781972885132,0.9839872717857361,0.9723583459854126,0.723128616809845,0.7962931990623474,0.9493764042854309,0.9411669373512268
369,0.03487224504351616,0.039930347353219986,0.9908950328826904,0.9893335103988647,0.9842047095298767,0.9731276035308838,0.7237842679023743,0.7961485981941223,0.9499316215515137,0.941415548324585
370,0.034798793494701385,0.03986562788486481,0.9910279512405396,0.9891898036003113,0.9849933385848999,0.972662091255188,0.7238146066665649,0.7954471707344055,0.9503129124641418,0.9407728314399719
371,0.03473538160324097,0.03988359868526459,0.9908807873725891,0.9891787171363831,0.9848262667655945,0.9713150858879089,0.7230770587921143,0.7964559197425842,0.9497187733650208,0.9407834410667419
372,0.034662678837776184,0.039732906967401505,0.9909520149230957,0.9892008304595947,0.9840980172157288,0.9725706577301025,0.7240811586380005,0.7957956790924072,0.950095534324646,0.9409745931625366
373,0.0345962718129158,0.039687033742666245,0.9909235239028931,0.9893335103988647,0.9847998023033142,0.9743274450302124,0.7234556674957275,0.7960981130599976,0.9499894976615906,0.941978394985199
374,0.034523963928222656,0.039727866649627686,0.9909852147102356,0.9892450571060181,0.9853342771530151,0.9717174768447876,0.7236762046813965,0.7965628504753113,0.9503629803657532,0.9410536289215088
375,0.034455712884664536,0.039561375975608826,0.9909377694129944,0.9892892837524414,0.9841515421867371,0.9726605415344238,0.7239940166473389,0.7961485981941223,0.9500640034675598,0.9412251710891724
376,0.03439732640981674,0.03956228122115135,0.9910089373588562,0.9893445372581482,0.9848167300224304,0.9723108410835266,0.7237958908081055,0.7966977953910828,0.9502252340316772,0.9413992166519165
377,0.034315433353185654,0.03942757099866867,0.9909994602203369,0.9893113970756531,0.9842501282691956,0.9744511842727661,0.7241422533988953,0.7958592176437378,0.9502131938934326,0.9418923854827881
378,0.03425440192222595,0.03941243514418602,0.9909899830818176,0.9893113970756531,0.98548424243927,0.9740175008773804,0.7235361337661743,0.7962121963500977,0.9503350853919983,0.9419076442718506
379,0.034178752452135086,0.03939567878842354,0.9909852147102356,0.9892892837524414,0.9849243760108948,0.9735234379768372,0.7238950729370117,0.7963854074478149,0.950325071811676,0.9417600631713867
380,0.03410987928509712,0.03931247070431709,0.9910137057304382,0.9892671704292297,0.9847469329833984,0.9736341238021851,0.7241021990776062,0.7961485981941223,0.9503876566886902,0.9416674375534058
381,0.034051865339279175,0.039287157356739044,0.990956723690033,0.9893555641174316,0.9848374128341675,0.9741110801696777,0.7237958908081055,0.7963743209838867,0.9502050280570984,0.942037045955658
382,0.033983707427978516,0.0392269566655159,0.9910184741020203,0.9893335103988647,0.9850411415100098,0.9737783670425415,0.7239868640899658,0.796384334564209,0.950432300567627,0.941867470741272
383,0.03391890972852707,0.039095260202884674,0.9911133646965027,0.9893776774406433,0.9850878715515137,0.9746845364570618,0.7242928743362427,0.7959810495376587,0.9506593346595764,0.9420894980430603
384,0.03385786712169647,0.03918226808309555,0.9910089373588562,0.9894219040870667,0.9855610132217407,0.9734125733375549,0.723548412322998,0.7967047691345215,0.9503746628761292,0.9419457316398621
385,0.03378933668136597,0.03908748924732208,0.9910991191864014,0.9895213842391968,0.985107421875,0.9747029542922974,0.7242835760116577,0.7965907454490662,0.9506767988204956,0.9424775242805481
386,0.033728234469890594,0.03902804106473923,0.9911988377571106,0.9895434975624084,0.9858552813529968,0.9747903943061829,0.7241464853286743,0.7966411709785461,0.9509235620498657,0.9425467252731323
387,0.03366424888372421,0.038970787078142166,0.9911940693855286,0.9895103573799133,0.9856407046318054,0.974096953868866,0.724288821220398,0.7966418266296387,0.9509274363517761,0.9421873688697815
388,0.03359350934624672,0.03887860104441643,0.9912273287773132,0.9895656108856201,0.9856223464012146,0.9750178456306458,0.7244516015052795,0.7963545322418213,0.9510305523872375,0.9424404501914978
389,0.033530984073877335,0.038863182067871094,0.9912605285644531,0.9895434975624084,0.9861592054367065,0.9745017886161804,0.7242678999900818,0.7963644862174988,0.9511408805847168,0.9421905279159546
390,0.03346402198076248,0.03883720561861992,0.9912985563278198,0.989532470703125,0.9862162470817566,0.9740234613418579,0.7243875861167908,0.7964470386505127,0.9512455463409424,0.9420545697212219
391,0.03340454027056694,0.038813378661870956,0.9913269877433777,0.9895656108856201,0.9862666130065918,0.974049985408783,0.7244772911071777,0.797498881816864,0.9513370990753174,0.9427080154418945
392,0.033338773995637894,0.03873789682984352,0.991431474685669,0.9895877242088318,0.9864136576652527,0.9741013050079346,0.7259656190872192,0.7976484894752502,0.9524154663085938,0.9428315758705139
393,0.03327692672610283,0.038695842027664185,0.9914409518241882,0.9896872043609619,0.9865016937255859,0.9735925197601318,0.7259516716003418,0.7985075116157532,0.9524463415145874,0.9430922865867615
394,0.03320890665054321,0.038571860641241074,0.9914931654930115,0.9895987510681152,0.9863096475601196,0.9744018316268921,0.7263094186782837,0.7976890802383423,0.9526007175445557,0.9429671168327332
395,0.033155281096696854,0.038615066558122635,0.9913602471351624,0.9898087978363037,0.9863811731338501,0.9743079543113708,0.7256256937980652,0.8005968332290649,0.9521645307540894,0.9447749257087708
396,0.033087607473134995,0.038542650640010834,0.9916166067123413,0.9897424578666687,0.9863483309745789,0.9742317795753479,0.7284485697746277,0.8003119826316833,0.9541301727294922,0.9445666074752808
397,0.033020567148923874,0.03841212019324303,0.9915928244590759,0.9897977113723755,0.9863223433494568,0.9752955436706543,0.7283549308776855,0.7998006343841553,0.9540553092956543,0.9447260499000549
398,0.032972440123558044,0.03850302845239639,0.9915263652801514,0.9896982312202454,0.9866152405738831,0.9740426540374756,0.7276950478553772,0.800248384475708,0.9537222385406494,0.944437563419342
399,0.03290290758013725,0.03837765380740166,0.991554856300354,0.9898087978363037,0.9861300587654114,0.9748074412345886,0.7282712459564209,0.8001082539558411,0.9539128541946411,0.9447090029716492
400,0.032841138541698456,0.038264814764261246,0.9915643930435181,0.9899193048477173,0.9864495992660522,0.9755344986915588,0.7280622124671936,0.8088325262069702,0.9539039134979248,0.9454241991043091
401,0.032784752547740936,0.03839416429400444,0.9915881156921387,0.9897645711898804,0.9866772294044495,0.9736807346343994,0.7346212863922119,0.8118292689323425,0.953461766242981,0.9469429850578308
402,0.03272164613008499,0.038166508078575134,0.9915881156921387,0.9897977113723755,0.985825777053833,0.9749414324760437,0.7364672422409058,0.8087714910507202,0.9545043110847473,0.9451191425323486
403,0.03266511112451553,0.03814200684428215,0.9915785789489746,0.9898087978363037,0.9864761233329773,0.9748562574386597,0.7347241640090942,0.8089056015014648,0.9534492492675781,0.9451678395271301
404,0.03259441629052162,0.03817132115364075,0.9916545748710632,0.9898640513420105,0.9865882396697998,0.974429726600647,0.7350003719329834,0.8118928074836731,0.9536994695663452,0.9473127126693726
405,0.03253154829144478,0.03801441565155983,0.9917067885398865,0.9898419380187988,0.9864482283592224,0.9753283858299255,0.7365509271621704,0.8088802099227905,0.9548420906066895,0.9453645944595337
406,0.03247583657503128,0.03801469877362251,0.9917114973068237,0.9898529648780823,0.9875335693359375,0.9747802019119263,0.734969973564148,0.8092285394668579,0.9540868401527405,0.9453195929527283
407,0.03240806236863136,0.03802446275949478,0.9916545748710632,0.9897645711898804,0.986361563205719,0.9742082357406616,0.7352009415626526,0.8093128800392151,0.9537168741226196,0.9451013207435608
408,0.03234976530075073,0.03785478696227074,0.9916070699691772,0.989875078201294,0.9859412312507629,0.9758880734443665,0.7353454232215881,0.8087472915649414,0.9536389112472534,0.9455500245094299
409,0.03230093792080879,0.0379224568605423,0.9917114973068237,0.9898419380187988,0.9876733422279358,0.9743257164955139,0.7348423600196838,0.8118928074836731,0.9540533423423767,0.9472675323486328
410,0.032231077551841736,0.037857890129089355,0.9916925430297852,0.9898309111595154,0.9864048957824707,0.9741189479827881,0.7366124987602234,0.8120440244674683,0.9548646807670593,0.9472260475158691
411,0.03216712176799774,0.03772839158773422,0.9917352795600891,0.9898861646652222,0.9869183301925659,0.9752941727638245,0.7367144823074341,0.8091650009155273,0.9551505446434021,0.9454950094223022
412,0.03212010860443115,0.03779419884085655,0.9917495250701904,0.9898640513420105,0.9875134229660034,0.9739696979522705,0.7351632714271545,0.8124634027481079,0.9542051553726196,0.9474178552627563
413,0.03205937147140503,0.03757869452238083,0.991768479347229,0.9899966716766357,0.9867957234382629,0.9755499958992004,0.7370301485061646,0.8118084669113159,0.9553187489509583,0.9477757811546326
414,0.03200338035821915,0.037644561380147934,0.9917969703674316,0.9898861646652222,0.9874660968780518,0.974712610244751,0.7365379929542542,0.8120440244674683,0.9552746415138245,0.9475151896476746
415,0.03193240612745285,0.037652596831321716,0.9917874932289124,0.9898640513420105,0.9872515201568604,0.9745572805404663,0.7367309927940369,0.8120440244674683,0.9553148746490479,0.9474384188652039
416,0.03187961503863335,0.03755630925297737,0.991773247718811,0.989941418170929,0.9872378706932068,0.9750897884368896,0.7366763353347778,0.8119805455207825,0.9552712440490723,0.9476509690284729
417,0.03182121366262436,0.03748535364866257,0.991768479347229,0.9899193048477173,0.987375020980835,0.9743240475654602,0.7365771532058716,0.8126508593559265,0.955259382724762,0.9477015733718872
418,0.03175962343811989,0.037346791476011276,0.991725742816925,0.9899193048477173,0.9865084886550903,0.9746921062469482,0.7370949983596802,0.8122273683547974,0.955213189125061,0.9476163983345032
419,0.03170022368431091,0.037355560809373856,0.9917542338371277,0.9900961518287659,0.9870212078094482,0.9759531617164612,0.7367740273475647,0.8124531507492065,0.9552182555198669,0.9483805894851685
420,0.031640391796827316,0.03735648840665817,0.9918919205665588,0.9900740385055542,0.9879373908042908,0.9757012724876404,0.7375067472457886,0.8126887083053589,0.9562119841575623,0.948402464389801
421,0.03157704696059227,0.03725888580083847,0.9919061660766602,0.9900298714637756,0.9877952337265015,0.975373387336731,0.737760066986084,0.8123905062675476,0.9563246369361877,0.9480494856834412
422,0.03152249753475189,0.03727710619568825,0.9918871521949768,0.9900298714637756,0.9879228472709656,0.9749019145965576,0.7374013066291809,0.8129303455352783,0.9561284780502319,0.9481576681137085
423,0.031465720385313034,0.03721215948462486,0.9919204115867615,0.9901072382926941,0.9876264333724976,0.9751008749008179,0.7378656268119812,0.8131394386291504,0.9563143253326416,0.9483821392059326
424,0.031410735100507736,0.03709803521633148,0.9919489026069641,0.9899966716766357,0.9875776171684265,0.9750967621803284,0.7380342483520508,0.8124927282333374,0.9564123749732971,0.9479830265045166
425,0.03135256469249725,0.037136394530534744,0.9918776750564575,0.9900408983230591,0.9874988794326782,0.9747448563575745,0.7376319766044617,0.8135659694671631,0.9560949802398682,0.9484657049179077
426,0.031287334859371185,0.03708012029528618,0.9920105934143066,0.9901624917984009,0.9877450466156006,0.9749817848205566,0.7385384440422058,0.8144307732582092,0.9568430185317993,0.9491207599639893
427,0.031236063688993454,0.037003468722105026,0.9920675754547119,0.9901624917984009,0.9878326654434204,0.9749807715415955,0.7390391826629639,0.8144307732582092,0.9572160243988037,0.9491197466850281
428,0.031183607876300812,0.0369851253926754,0.99202960729599,0.9900851249694824,0.9875175356864929,0.9745766520500183,0.7391415238380432,0.8144307732582092,0.9571471214294434,0.9489268660545349
429,0.031126951798796654,0.03690067678689957,0.9919489026069641,0.9901403784751892,0.9870463013648987,0.9748638272285461,0.7391729950904846,0.8144307732582092,0.9569464325904846,0.9490669369697571
430,0.031067995354533195,0.03685024008154869,0.9920485615730286,0.9901072382926941,0.9876441955566406,0.9747003316879272,0.7391729950904846,0.814574658870697,0.9572231769561768,0.9490806460380554
431,0.031016653403639793,0.03688613325357437,0.9920628070831299,0.9899966716766357,0.9877356886863708,0.9739883542060852,0.7391570210456848,0.8146244287490845,0.9572541117668152,0.9487634897232056
432,0.03095894679427147,0.036727435886859894,0.9919726252555847,0.990195631980896,0.9870455861091614,0.9751303195953369,0.739267885684967,0.814574658870697,0.9570133686065674,0.9492884278297424
433,0.03090759366750717,0.036763995885849,0.9921007752418518,0.9902067184448242,0.9879840612411499,0.9747770428657532,0.7391220927238464,0.8149855732917786,0.9573434591293335,0.9493659734725952
434,0.030847661197185516,0.036706190556287766,0.9920865297317505,0.9901182651519775,0.9877340793609619,0.9747278690338135,0.7392968535423279,0.814574658870697,0.957352876663208,0.9490794539451599
435,0.03078949637711048,0.03660105541348457,0.9920675754547119,0.9901735186576843,0.9877693057060242,0.9751942157745361,0.7391729950904846,0.814574658870697,0.9572778344154358,0.9492942690849304
436,0.03074372373521328,0.03664834424853325,0.9920818209648132,0.9901403784751892,0.9877526164054871,0.9746700525283813,0.7391884922981262,0.8161479830741882,0.9572819471359253,0.9499024748802185
437,0.030685417354106903,0.03649231791496277,0.9920770525932312,0.990261971950531,0.9874169826507568,0.9755755066871643,0.740324079990387,0.8157562613487244,0.9578301906585693,0.9500967264175415
438,0.03063495084643364,0.03650584816932678,0.9921625256538391,0.990261971950531,0.9881529211997986,0.9753608107566833,0.740176796913147,0.8160291910171509,0.9580604434013367,0.9501579403877258
439,0.030574269592761993,0.036500778049230576,0.9921814799308777,0.9901846051216125,0.9880893230438232,0.974967360496521,0.7403376698493958,0.8160291910171509,0.9581454396247864,0.9499694108963013
440,0.030522461980581284,0.03637083247303963,0.9921007752418518,0.9902508854866028,0.9875913262367249,0.9755659699440002,0.7403340935707092,0.8157218098640442,0.9579165577888489,0.9500625729560852
441,0.030473055317997932,0.03645602613687515,0.9921577572822571,0.990261971950531,0.9881799221038818,0.9742375016212463,0.7401049733161926,0.8168133497238159,0.9580156803131104,0.9501290917396545
442,0.030417758971452713,0.036282602697610855,0.9922052025794983,0.9902398586273193,0.9868143200874329,0.9746046662330627,0.7410429120063782,0.8162567019462585,0.958050549030304,0.9499762058258057
443,0.03036535531282425,0.03624747693538666,0.992200493812561,0.9902067184448242,0.9871584177017212,0.9744534492492676,0.7405472993850708,0.816038191318512,0.9578770399093628,0.9497631788253784
444,0.030309537425637245,0.03630991652607918,0.992190957069397,0.9902067184448242,0.9872167706489563,0.974195122718811,0.7403551340103149,0.816394031047821,0.9577749371528625,0.9498437643051147
445,0.030258746817708015,0.03619443252682686,0.992152988910675,0.9902729988098145,0.9867461323738098,0.9749042987823486,0.740716278553009,0.816038191318512,0.9577984809875488,0.9499688744544983
446,0.03021073527634144,0.03615383431315422,0.9921862483024597,0.9902729988098145,0.9873407483100891,0.9747274518013,0.7403050661087036,0.8163096904754639,0.957793653011322,0.9500421285629272
447,0.03015710785984993,0.036149073392152786,0.9921862483024597,0.9902288317680359,0.9870883226394653,0.9740955233573914,0.7405872941017151,0.8166044354438782,0.9578555226325989,0.9499226212501526
448,0.03010176494717598,0.03604084625840187,0.9921577572822571,0.9903061985969543,0.9867678880691528,0.9750404357910156,0.740813136100769,0.816038191318512,0.957865297794342,0.9500323534011841
449,0.03005256876349449,0.03606070578098297,0.9922147393226624,0.9901735186576843,0.9874899387359619,0.9740326404571533,0.7403551340103149,0.8163442015647888,0.9578935503959656,0.9497333765029907
450,0.03000083938241005,0.03602750971913338,0.9921340346336365,0.9902177453041077,0.9867606163024902,0.9741768836975098,0.7406617403030396,0.816394031047821,0.9577638506889343,0.9498317241668701
451,0.029946578666567802,0.03591141104698181,0.9921482801437378,0.990328311920166,0.9866966009140015,0.9748198986053467,0.7407571077346802,0.816394031047821,0.9577987790107727,0.9501438736915588
452,0.029900018125772476,0.0359748974442482,0.9922574162483215,0.9903172254562378,0.987384557723999,0.9744919538497925,0.740716278553009,0.8166447281837463,0.9580816626548767,0.9501340985298157
453,0.029847124591469765,0.03589705377817154,0.9922716617584229,0.990261971950531,0.9871188998222351,0.9744300842285156,0.7410538196563721,0.816394031047821,0.9581876397132874,0.949948251247406
454,0.02979760803282261,0.03586064651608467,0.992243230342865,0.9903172254562378,0.9871553778648376,0.9746690392494202,0.7408395409584045,0.816394031047821,0.9580572247505188,0.9500659108161926
455,0.0297425277531147,0.03583099693059921,0.9923096895217896,0.9903061985969543,0.9874985218048096,0.9744594097137451,0.7408627271652222,0.8164775371551514,0.9582301378250122,0.950021505355835
456,0.029688525944948196,0.03571543097496033,0.9923049211502075,0.9903724789619446,0.9873276352882385,0.9749293327331543,0.7409917116165161,0.8164775371551514,0.9582414031028748,0.9502430558204651
457,0.02964722365140915,0.03578390181064606,0.9923334121704102,0.9902398586273193,0.9877111315727234,0.9740388989448547,0.7408719658851624,0.8165402412414551,0.9583287239074707,0.9498557448387146
458,0.029593542218208313,0.03565389662981033,0.9922669529914856,0.9903835654258728,0.9870409965515137,0.9752414226531982,0.741135835647583,0.8163279891014099,0.9581988453865051,0.9502771496772766
459,0.02955499291419983,0.0357188880443573,0.9923523664474487,0.9902840852737427,0.9880608916282654,0.9739971160888672,0.7406982183456421,0.8168968558311462,0.9583644270896912,0.9500547051429749
460,0.029491296038031578,0.03555520996451378,0.9923143982887268,0.9903724789619446,0.9870594143867493,0.9748891592025757,0.7413792014122009,0.8164775371551514,0.9583770632743835,0.9502233862876892
461,0.02944907173514366,0.035570837557315826,0.99236661195755,0.9902840852737427,0.9877985119819641,0.9742311835289001,0.7409635782241821,0.8166655898094177,0.9584272503852844,0.9500299096107483
462,0.02938772924244404,0.03553101420402527,0.9923096895217896,0.9902840852737427,0.9872146844863892,0.9744365215301514,0.7411538362503052,0.8164525032043457,0.9582955241203308,0.9499809741973877
463,0.029340187087655067,0.03547116741538048,0.9923476576805115,0.9903503656387329,0.9875345826148987,0.9748530387878418,0.7411167621612549,0.8164525032043457,0.9584113955497742,0.9501789808273315
464,0.029295973479747772,0.03554757311940193,0.9923951029777527,0.9903061985969543,0.9878803491592407,0.9743542671203613,0.7411012649536133,0.8167030811309814,0.9585567712783813,0.9500933289527893
465,0.02924426645040512,0.03541603311896324,0.9923761487007141,0.9903724789619446,0.9874566793441772,0.9749829173088074,0.7413765788078308,0.8165151476860046,0.9585492014884949,0.9502809047698975
466,0.029199989512562752,0.03539235517382622,0.9924330711364746,0.9902398586273193,0.9880243539810181,0.9742497205734253,0.741195023059845,0.8165151476860046,0.9586851596832275,0.9499339461326599
467,0.029147697612643242,0.035357724875211716,0.9923476576805115,0.9902840852737427,0.9874288439750671,0.9747207164764404,0.7412105202674866,0.8164308071136475,0.9584265947341919,0.9500790238380432
468,0.029097838327288628,0.03529689460992813,0.9923571348190308,0.9904056787490845,0.9874794483184814,0.9754775762557983,0.7411537766456604,0.8163681626319885,0.9584035277366638,0.9503993988037109
469,0.029055453836917877,0.035377390682697296,0.9924235939979553,0.9902508854866028,0.9881026744842529,0.9740616083145142,0.7409915328025818,0.817237913608551,0.9585726857185364,0.9502571225166321
470,0.029001381248235703,0.03517688810825348,0.9922954440116882,0.9905051589012146,0.9870201349258423,0.9756530523300171,0.7414650917053223,0.8171336650848389,0.9584010243415833,0.9509620070457458
471,0.028964322060346603,0.03525473549962044,0.99245685338974,0.9903172254562378,0.9883739352226257,0.9740905165672302,0.741162121295929,0.8176863193511963,0.958804190158844,0.9505624175071716
472,0.028909500688314438,0.035115886479616165,0.9923619031906128,0.9905051589012146,0.9872193336486816,0.9754850268363953,0.7417068481445312,0.8173297643661499,0.958657443523407,0.9509998559951782
473,0.028867173939943314,0.035141684114933014,0.9924710392951965,0.9903945922851562,0.9881433844566345,0.9749744534492493,0.7414788007736206,0.81724613904953,0.9589126706123352,0.950707197189331
474,0.028810426592826843,0.035117972642183304,0.992414116859436,0.990328311920166,0.9876622557640076,0.9746679067611694,0.7415356636047363,0.8171834349632263,0.9587379693984985,0.9505168795585632
475,0.0287631768733263,0.03505083918571472,0.9923049211502075,0.990449845790863,0.9872934222221375,0.9754292964935303,0.7413647174835205,0.8171834349632263,0.9584473967552185,0.9508827328681946
476,0.028721429407596588,0.03508647903800011,0.9924235939979553,0.990328311920166,0.9879867434501648,0.9744405150413513,0.7413647174835205,0.8173842430114746,0.9587633609771729,0.9505332708358765
477,0.02866702526807785,0.03494013100862503,0.9923571348190308,0.9905604124069214,0.9871883392333984,0.9769913554191589,0.7416771054267883,0.8171457052230835,0.9586091041564941,0.9517019391059875
478,0.02862982079386711,0.034999728202819824,0.9925755262374878,0.9903393387794495,0.9898506999015808,0.9755707383155823,0.7413302659988403,0.8173842430114746,0.9596790075302124,0.9511716365814209
479,0.028579814359545708,0.034838054329156876,0.9924235939979553,0.9905714392662048,0.9885160326957703,0.9769245982170105,0.7417740225791931,0.817245364189148,0.9593729376792908,0.9517321586608887
480,0.02853940799832344,0.034933242946863174,0.9925185441970825,0.9903614521026611,0.9895359873771667,0.9756879210472107,0.7413531541824341,0.8173842430114746,0.9595474004745483,0.9512285590171814
481,0.02848079241812229,0.03485219553112984,0.9924995303153992,0.990449845790863,0.9888843297958374,0.9762797355651855,0.7427011132240295,0.817237913608551,0.9601964354515076,0.9514244198799133
482,0.028439771384000778,0.034810762852430344,0.9925565123558044,0.990449845790863,0.9892016053199768,0.9753603935241699,0.7426266670227051,0.8173842430114746,0.9602952599525452,0.9511429667472839
483,0.02839287742972374,0.03478269279003143,0.9925090670585632,0.9903945922851562,0.9889833331108093,0.9749120473861694,0.7426667213439941,0.8174487352371216,0.9602269530296326,0.9509767889976501
484,0.028343744575977325,0.03471756353974342,0.9925470352172852,0.9905493259429932,0.9889475107192993,0.9759050607681274,0.7428212761878967,0.8174283504486084,0.9603156447410583,0.9514415860176086
485,0.028304079547524452,0.0348222441971302,0.9926134943962097,0.990328311920166,0.9897223711013794,0.9745596051216125,0.7425093650817871,0.8175925016403198,0.9604579210281372,0.9509020447731018
486,0.028261173516511917,0.03461082652211189,0.9924710392951965,0.9906377792358398,0.9885352849960327,0.9763616323471069,0.7428750991821289,0.8173737525939941,0.9601584076881409,0.9516386389732361
487,0.028231652453541756,0.034802477806806564,0.9926704168319702,0.9903945922851562,0.9901435375213623,0.9746782779693604,0.7424900531768799,0.8182721734046936,0.960643470287323,0.9513680934906006
488,0.02817828394472599,0.03457677736878395,0.9925327897071838,0.9905604124069214,0.9887090921401978,0.975928783416748,0.7434655427932739,0.8174283504486084,0.960649847984314,0.9514615535736084
489,0.02812790311872959,0.034564267843961716,0.9926941990852356,0.9904940724372864,0.9901151061058044,0.9755407571792603,0.7426407933235168,0.8175925016403198,0.9607260823249817,0.9513745307922363
490,0.028083056211471558,0.03461231291294098,0.9925755262374878,0.9904719591140747,0.9893661737442017,0.9749908447265625,0.7427941560745239,0.8185461759567261,0.9604843854904175,0.9516977667808533
491,0.028040848672389984,0.03447981923818588,0.9925850033760071,0.9905382990837097,0.9890245199203491,0.9756884574890137,0.7435676455497742,0.8180463910102844,0.9608640074729919,0.9517096877098083
492,0.02800704352557659,0.03459244593977928,0.9926466941833496,0.9905493259429932,0.9897205829620361,0.9752861857414246,0.7432451248168945,0.8185380101203918,0.9609588384628296,0.9518368244171143
493,0.027951935306191444,0.034441061317920685,0.9927036762237549,0.9906488060951233,0.9894180297851562,0.9764400720596313,0.7437900900840759,0.8180680274963379,0.9612080454826355,0.9521089196205139
494,0.027910932898521423,0.034434154629707336,0.9927511215209961,0.990516185760498,0.9901730418205261,0.9752823114395142,0.7432997822761536,0.8183221220970154,0.9612269401550293,0.9516981244087219
495,0.02786421962082386,0.03438778221607208,0.992618203163147,0.9905604124069214,0.9892060160636902,0.9753230214118958,0.7434985041618347,0.8186283707618713,0.9609060883522034,0.9519046545028687
496,0.02781922183930874,0.034328643232584,0.9927036762237549,0.9905714392662048,0.989421010017395,0.9756036400794983,0.7437925338745117,0.8183966279029846,0.9612100124359131,0.9518985748291016
497,0.02778269350528717,0.034446459263563156,0.9927321672439575,0.9904830455780029,0.9899227023124695,0.9745970964431763,0.7435292601585388,0.8187037110328674,0.9612600803375244,0.9515977501869202
498,0.027740895748138428,0.034242182970047,0.9927321672439575,0.9905935525894165,0.9890941381454468,0.9756573438644409,0.7441443204879761,0.8182913064956665,0.9612836241722107,0.9518641829490662
499,0.027702461928129196,0.03433670476078987,0.9927036762237549,0.9905604124069214,0.9897275567054749,0.9751210808753967,0.7433931231498718,0.8186396956443787,0.9610755443572998,0.9518049359321594
500,0.0276544988155365,0.034285303205251694,0.9927749037742615,0.9905493259429932,0.9897036552429199,0.9751445055007935,0.743872880935669,0.8185623288154602,0.9613844156265259,0.9517713785171509
