iteration,train_loss,train_precision,train_recall,train_F1,test_loss,test_precision,test_recall,test_F1,train_acc,test_acc
1,0.7295351624488831,0.0733799859881401,0.7962013483047485,0.1726626753807068,0.5685449242591858,0.10915330797433853,0.8570023775100708,0.258747398853302,0.24855925142765045,0.46218636631965637
2,0.5605044960975647,0.11720532923936844,0.8501102328300476,0.24765780568122864,0.538095235824585,0.13770577311515808,0.8666279315948486,0.3095187544822693,0.4725568890571594,0.5377915501594543
3,0.5288529396057129,0.16619357466697693,0.8557994961738586,0.3111085593700409,0.5189993977546692,0.15843403339385986,0.8804914951324463,0.35006654262542725,0.552446186542511,0.60296231508255
4,0.5092215538024902,0.20854629576206207,0.8464545607566833,0.3804214298725128,0.5034451484680176,0.17318964004516602,0.8286511898040771,0.3850538432598114,0.6206955313682556,0.6571681499481201
5,0.49339768290519714,0.24686823785305023,0.8298831582069397,0.4127197563648224,0.48948994278907776,0.18944229185581207,0.8055117130279541,0.4197867810726166,0.6765454411506653,0.7087100744247437
6,0.47933459281921387,0.2821594178676605,0.8107835054397583,0.45548245310783386,0.475955992937088,0.20460352301597595,0.7865666151046753,0.4554019868373871,0.7305344343185425,0.754106342792511
7,0.46617385745048523,0.3282371163368225,0.790071427822113,0.4989023506641388,0.4634404480457306,0.21341420710086823,0.7304707169532776,0.4885050058364868,0.7783569097518921,0.7957333922386169
8,0.4535139799118042,0.37149637937545776,0.7263779640197754,0.5477498769760132,0.451335072517395,0.2310708910226822,0.7052921652793884,0.5387816429138184,0.8226712942123413,0.8323311805725098
9,0.4411996304988861,0.4276488125324249,0.6928132176399231,0.6124517321586609,0.43923884630203247,0.24852028489112854,0.6966214776039124,0.5708392262458801,0.8587304353713989,0.8641538619995117
10,0.4291989207267761,0.5053144097328186,0.6721739768981934,0.6600540280342102,0.4268873631954193,0.2563415467739105,0.6425698399543762,0.5994928479194641,0.8899332284927368,0.8910467624664307
11,0.417532742023468,0.5462250709533691,0.5923518538475037,0.6928282380104065,0.4150533676147461,0.24540163576602936,0.5534994006156921,0.6204270124435425,0.9153018593788147,0.9095169901847839
12,0.4062369763851166,0.5942326188087463,0.5095601081848145,0.697324812412262,0.4047984778881073,0.25225934386253357,0.5382328629493713,0.6241427659988403,0.9328519701957703,0.9222504496574402
13,0.3953358232975006,0.6734496355056763,0.4876251518726349,0.7214092016220093,0.3945295512676239,0.24616685509681702,0.4876357316970825,0.6363304853439331,0.9469936490058899,0.9290151596069336
14,0.3848303258419037,0.7187371850013733,0.4463981091976166,0.7500054836273193,0.3841630816459656,0.25181853771209717,0.45571744441986084,0.6390376091003418,0.9534687399864197,0.9333922863006592
15,0.3747013807296753,0.7616905570030212,0.4188598692417145,0.7475363612174988,0.37401947379112244,0.24857963621616364,0.4172638952732086,0.6460688710212708,0.9561983346939087,0.9381784200668335
16,0.36492177844047546,0.81397944688797,0.3923780620098114,0.7477538585662842,0.3647836446762085,0.23488062620162964,0.3737424910068512,0.6441696286201477,0.9590513110160828,0.9401901364326477
17,0.3554695248603821,0.8353908061981201,0.33706462383270264,0.7484281659126282,0.35629570484161377,0.2356732040643692,0.3525286614894867,0.6546475887298584,0.960171639919281,0.9404553771018982
18,0.34633398056030273,0.8672779202461243,0.31771180033683777,0.7499339580535889,0.3479599058628082,0.2302430123090744,0.32634788751602173,0.6485971212387085,0.9607555270195007,0.940101683139801
19,0.33751392364501953,0.8846884369850159,0.2943466305732727,0.7474463582038879,0.33969050645828247,0.23401886224746704,0.32727253437042236,0.6665996313095093,0.9606273770332336,0.9421133995056152
20,0.3290109932422638,0.9436923265457153,0.28601473569869995,0.7935755252838135,0.3316405117511749,0.23811601102352142,0.3255259096622467,0.6867730617523193,0.9619660973548889,0.94465571641922
21,0.32082289457321167,0.9640238881111145,0.28380972146987915,0.8091610670089722,0.32407206296920776,0.23333391547203064,0.30844828486442566,0.693347692489624,0.9635563492774963,0.9448325634002686
22,0.31294071674346924,0.9674931764602661,0.26837366819381714,0.8055317401885986,0.31696444749832153,0.2351936399936676,0.30818912386894226,0.696293830871582,0.9636987447738647,0.9455289244651794
23,0.3053520917892456,0.9755675792694092,0.2678396701812744,0.8077431321144104,0.3100663423538208,0.23291367292404175,0.3038223385810852,0.7011474370956421,0.9640832543373108,0.9458273649215698
24,0.2980470657348633,0.9827982783317566,0.2642262876033783,0.8151816725730896,0.30330991744995117,0.2305833101272583,0.29661089181900024,0.702958881855011,0.9641497135162354,0.9461699724197388
25,0.29102006554603577,0.9896962642669678,0.2575899660587311,0.8175769448280334,0.29681095480918884,0.23372480273246765,0.2963074743747711,0.7057492136955261,0.9639266133308411,0.9466232061386108
26,0.2842673063278198,0.9951645135879517,0.25702887773513794,0.8193150758743286,0.290705144405365,0.233194962143898,0.2960129976272583,0.7223036885261536,0.9640358090400696,0.9468553066253662
27,0.2777823805809021,0.9973698258399963,0.2569098174571991,0.8201034665107727,0.284923791885376,0.23846888542175293,0.30478450655937195,0.7277280688285828,0.9641307592391968,0.9474743008613586
28,0.27155593037605286,0.9985300898551941,0.2652796506881714,0.8264813423156738,0.2793387770652771,0.24733535945415497,0.31897902488708496,0.7286917567253113,0.9649519920349121,0.9478832483291626
29,0.2655791640281677,0.9919803142547607,0.27805450558662415,0.8258976340293884,0.2739322781562805,0.2530774772167206,0.3264354467391968,0.7524728775024414,0.9653033018112183,0.9490549564361572
30,0.2598470151424408,0.9921318888664246,0.2886139154434204,0.8389716744422913,0.26875585317611694,0.25791817903518677,0.33688685297966003,0.7734106183052063,0.9665802717208862,0.9499834179878235
31,0.25435617566108704,0.9922889471054077,0.297184020280838,0.8444700837135315,0.26382872462272644,0.2625860273838043,0.3441563844680786,0.7738796472549438,0.9674110412597656,0.9502928853034973
32,0.2491004914045334,0.9924347996711731,0.30422309041023254,0.8463349938392639,0.25909900665283203,0.2678496241569519,0.361005574464798,0.7689993381500244,0.9677148461341858,0.9507571458816528
33,0.24406880140304565,0.9928125739097595,0.31151053309440613,0.8482899069786072,0.25451380014419556,0.27124732732772827,0.36661362648010254,0.7663396000862122,0.9678952097892761,0.9510666728019714
34,0.23924940824508667,0.9881248474121094,0.3165105879306793,0.8449697494506836,0.25007060170173645,0.2898116409778595,0.3930303752422333,0.7651015520095825,0.968023419380188,0.9527467489242554
35,0.2346343845129013,0.988957941532135,0.34043848514556885,0.8446468710899353,0.2457946389913559,0.2904495298862457,0.3931043744087219,0.7648459672927856,0.969471275806427,0.9530673027038574
36,0.2302170991897583,0.9892810583114624,0.34032654762268066,0.844581127166748,0.2416916936635971,0.2899056375026703,0.39295369386672974,0.7643886208534241,0.969423770904541,0.9530341625213623
37,0.2259874790906906,0.9870002269744873,0.3401181995868683,0.8434023857116699,0.23774507641792297,0.2912318706512451,0.39333927631378174,0.7663967609405518,0.9691674709320068,0.9533989429473877
38,0.22193333506584167,0.9870002269744873,0.34039315581321716,0.8437823057174683,0.2339421510696411,0.2931341826915741,0.3947245180606842,0.7712075710296631,0.9692386388778687,0.9540731906890869
39,0.21804594993591309,0.9869949817657471,0.34143173694610596,0.8455571532249451,0.2302749902009964,0.2999894320964813,0.40690305829048157,0.7798230051994324,0.969428539276123,0.9552116990089417
40,0.21432006359100342,0.9874985218048096,0.35342836380004883,0.8542395234107971,0.22672724723815918,0.3003845810890198,0.40917447209358215,0.7837769985198975,0.9702877998352051,0.9557532668113708
41,0.21074877679347992,0.9874985218048096,0.3552033007144928,0.8573512434959412,0.2232789695262909,0.30209851264953613,0.4101402461528778,0.7874733805656433,0.9705725908279419,0.9564275741577148
42,0.2073224037885666,0.9874985218048096,0.3559088408946991,0.8583460450172424,0.21992580592632294,0.3045835793018341,0.41211700439453125,0.7930061221122742,0.9707292318344116,0.957322895526886
43,0.2040337175130844,0.9916267395019531,0.35799741744995117,0.8632763624191284,0.21668323874473572,0.29577574133872986,0.3991616368293762,0.7957134246826172,0.9712656736373901,0.9574223756790161
44,0.20087794959545135,0.9913271069526672,0.3457413911819458,0.8634079694747925,0.2135697603225708,0.29669657349586487,0.3994646668434143,0.7973705530166626,0.9710283279418945,0.9579197764396667
45,0.1978476345539093,0.9917219877243042,0.34604743123054504,0.8640622496604919,0.21059028804302216,0.2975188195705414,0.40002062916755676,0.7989641427993774,0.9711422324180603,0.9583176970481873
46,0.19493485987186432,0.9917219877243042,0.34644976258277893,0.8646373748779297,0.20773077011108398,0.2984935939311981,0.4026334881782532,0.8036664128303528,0.9712277054786682,0.9590582251548767
47,0.19213566184043884,0.9917219877243042,0.34855636954307556,0.8683437705039978,0.20496344566345215,0.2996995747089386,0.4052221179008484,0.8081186413764954,0.9715790152549744,0.959865152835846
48,0.18944597244262695,0.9918259978294373,0.3511446416378021,0.8723183870315552,0.20226629078388214,0.30069485306739807,0.4054192304611206,0.8096421360969543,0.9720726609230042,0.9601414799690247
49,0.18685849010944366,0.9918259978294373,0.3514247536659241,0.8727509379386902,0.19964784383773804,0.30083996057510376,0.40519431233406067,0.8096295595169067,0.9721438884735107,0.9603183269500732
50,0.18436788022518158,0.9918259978294373,0.3514247536659241,0.8727509379386902,0.19714021682739258,0.3083200752735138,0.41238901019096375,0.8139974474906921,0.9721438884735107,0.9615120887756348
51,0.18196909129619598,0.9976422786712646,0.3577485978603363,0.8751493096351624,0.19476677477359772,0.3084593713283539,0.41238901019096375,0.814203679561615,0.9732262492179871,0.9617000222206116
52,0.17965443432331085,0.9976864457130432,0.3577485978603363,0.8751661777496338,0.19252298772335052,0.3090309798717499,0.41238901019096375,0.8148391246795654,0.9732309579849243,0.9617663025856018
53,0.177419513463974,0.9976864457130432,0.3578261137008667,0.8752745389938354,0.19037847220897675,0.313346803188324,0.4193142354488373,0.8143333196640015,0.9732547402381897,0.9617000222206116
54,0.17526228725910187,0.9921512603759766,0.36502188444137573,0.874485194683075,0.18830324709415436,0.3186817467212677,0.42597922682762146,0.8144456148147583,0.9730648398399353,0.9620758295059204
55,0.17317886650562286,0.9922842979431152,0.37125661969184875,0.8745594620704651,0.18630000948905945,0.3289870619773865,0.4435230791568756,0.8179128766059875,0.9734493494033813,0.9628826975822449
56,0.171167254447937,0.992537260055542,0.38712963461875916,0.8786722421646118,0.18439136445522308,0.32913997769355774,0.44367432594299316,0.8182706236839294,0.974284827709198,0.9629490375518799
57,0.16922427713871002,0.992537260055542,0.387367844581604,0.8790069222450256,0.18258143961429596,0.3292594850063324,0.44367432594299316,0.8184372186660767,0.9743418097496033,0.9629380106925964
58,0.16734491288661957,0.992537260055542,0.387367844581604,0.8790069222450256,0.18084295094013214,0.3290436267852783,0.44419625401496887,0.8186831474304199,0.9743418097496033,0.9630596041679382
59,0.16552676260471344,0.9927211403846741,0.3877679705619812,0.8795621395111084,0.17914068698883057,0.3294104337692261,0.4442460536956787,0.819226086139679,0.9744319915771484,0.9631590843200684
60,0.1637657731771469,0.9927211403846741,0.3877679705619812,0.8795621395111084,0.1774771511554718,0.33681681752204895,0.4576909840106964,0.82921302318573,0.9744319915771484,0.9646954536437988
61,0.16205865144729614,0.9978730082511902,0.3994290232658386,0.889017641544342,0.17588716745376587,0.3367055356502533,0.4605382978916168,0.8320785164833069,0.9759083390235901,0.9648944139480591
62,0.16040247678756714,0.9978744983673096,0.40178540349006653,0.8922432661056519,0.17438507080078125,0.33672094345092773,0.4612109065055847,0.8328818082809448,0.9761979579925537,0.9650492072105408
63,0.15879379212856293,0.9978744983673096,0.4022792875766754,0.8929210901260376,0.17294342815876007,0.3359255790710449,0.46294260025024414,0.8336673974990845,0.9763023853302002,0.9649938941001892
64,0.15723185241222382,0.9951459169387817,0.40419796109199524,0.8941443562507629,0.17152921855449677,0.3360348343849182,0.46302342414855957,0.8341224193572998,0.9763545989990234,0.9650160074234009
65,0.15571442246437073,0.9951459169387817,0.40419796109199524,0.8941443562507629,0.1701548546552658,0.3362402021884918,0.46302342414855957,0.8343496918678284,0.9763545989990234,0.9650270938873291
66,0.1542399376630783,0.9951459169387817,0.40419796109199524,0.8941443562507629,0.16885146498680115,0.3358607590198517,0.4635387361049652,0.8344135284423828,0.9763545989990234,0.9650492072105408
67,0.15280526876449585,0.9951981902122498,0.40477707982063293,0.8950598835945129,0.16761359572410583,0.34626829624176025,0.4808739423751831,0.8370923399925232,0.9764685034751892,0.9659003019332886
68,0.15140850841999054,0.9953482151031494,0.42007219791412354,0.8977593183517456,0.16640739142894745,0.3521946966648102,0.48496824502944946,0.8216468095779419,0.9773040413856506,0.9661656022071838
69,0.1500481814146042,0.9954198002815247,0.4229523539543152,0.8921405673027039,0.16523252427577972,0.35729852318763733,0.49374017119407654,0.8231579065322876,0.9775176644325256,0.9664419293403625
70,0.1487225741147995,0.9954891800880432,0.4308888614177704,0.8937748074531555,0.1641220897436142,0.3574662208557129,0.4942884147167206,0.8238612413406372,0.9778404235839844,0.9665745496749878
71,0.14742974936962128,0.9954891800880432,0.43129241466522217,0.8942549228668213,0.16307362914085388,0.3577987849712372,0.4986559748649597,0.8286899328231812,0.977911651134491,0.967060923576355
72,0.1461682766675949,0.9954919815063477,0.43510866165161133,0.8992893695831299,0.16204454004764557,0.35696250200271606,0.4986559748649597,0.8279871344566345,0.9783483743667603,0.9668508768081665
73,0.1449374556541443,0.9954919815063477,0.43510866165161133,0.8992893695831299,0.1610260009765625,0.3569449782371521,0.4986559748649597,0.8279967308044434,0.9783483743667603,0.9668398499488831
74,0.1437358856201172,0.9954919815063477,0.43510866165161133,0.8992893695831299,0.16005080938339233,0.36686068773269653,0.511096179485321,0.8251633644104004,0.9783483743667603,0.9673925042152405
75,0.142561674118042,0.9956245422363281,0.445900022983551,0.8953264951705933,0.15911902487277985,0.3716263473033905,0.5204377174377441,0.8266274929046631,0.9789085388183594,0.967724084854126
76,0.14141380786895752,0.9956879615783691,0.4544502794742584,0.8976825475692749,0.15820196270942688,0.3715633451938629,0.5207401514053345,0.8268082141876221,0.9793500304222107,0.9677683115005493
77,0.14029157161712646,0.9956879615783691,0.45468956232070923,0.8979339599609375,0.15731604397296906,0.3712526559829712,0.5208654999732971,0.8265962600708008,0.979407012462616,0.9677351713180542
78,0.13919375836849213,0.9956886172294617,0.4548015892505646,0.898065447807312,0.1564951092004776,0.3706675171852112,0.5208654999732971,0.8259382247924805,0.9794402122497559,0.9676688313484192
79,0.13811857998371124,0.9956886172294617,0.4548015892505646,0.898065447807312,0.1557186096906662,0.3703676164150238,0.5208654999732971,0.8256586194038391,0.9794402122497559,0.9676246047019958
80,0.13706573843955994,0.9956510066986084,0.4548015892505646,0.8980511426925659,0.15495826303958893,0.3703264892101288,0.5208654999732971,0.8256239295005798,0.9794354438781738,0.9676024913787842
81,0.13603462278842926,0.9956510066986084,0.4548015892505646,0.8980511426925659,0.1542365550994873,0.3693943917751312,0.5208654999732971,0.8244720101356506,0.9794354438781738,0.9674588441848755
82,0.13502401113510132,0.9956510066986084,0.4548015892505646,0.8980511426925659,0.15355588495731354,0.3695800304412842,0.5235136151313782,0.8273616433143616,0.9794354438781738,0.9675251245498657
83,0.1340326964855194,0.9956510066986084,0.4576817452907562,0.9025233387947083,0.15288406610488892,0.367988646030426,0.5237491130828857,0.8260147571563721,0.9796490669250488,0.9673372507095337
84,0.1330605298280716,0.9956510066986084,0.45803606510162354,0.9029583930969238,0.15224359929561615,0.3669739067554474,0.5241533517837524,0.825324296951294,0.9797202944755554,0.9673040509223938
85,0.1321067363023758,0.9956510066986084,0.45853209495544434,0.9035088419914246,0.15166930854320526,0.3663959205150604,0.5241533517837524,0.8246307969093323,0.9798722267150879,0.9671604037284851
86,0.13117024302482605,0.9956510066986084,0.45853209495544434,0.9035088419914246,0.15112479031085968,0.37489795684814453,0.5417598485946655,0.8258170485496521,0.9798722267150879,0.9675693511962891
87,0.13025103509426117,0.995775043964386,0.4745331406593323,0.9063704609870911,0.15058313310146332,0.3741600811481476,0.542087972164154,0.8251911401748657,0.9805557727813721,0.967503011226654
88,0.12934845685958862,0.995775043964386,0.47495248913764954,0.9069041013717651,0.15005819499492645,0.3760882318019867,0.5459072589874268,0.8303186297416687,0.980636477470398,0.9676246047019958
89,0.12846128642559052,0.9958320260047913,0.4780111014842987,0.9018030166625977,0.149534672498703,0.3757530450820923,0.5459908246994019,0.8299790620803833,0.9809165596961975,0.9675693511962891
90,0.12758946418762207,0.9957631230354309,0.4780430793762207,0.9018106460571289,0.14902432262897491,0.3749224543571472,0.5459908246994019,0.829038143157959,0.9809165596961975,0.9674477577209473
91,0.12673257291316986,0.9957631230354309,0.4780430793762207,0.9018106460571289,0.14856880903244019,0.3730223774909973,0.5460904836654663,0.8270033001899719,0.9809165596961975,0.9672266840934753
92,0.12588968873023987,0.9957631230354309,0.47825294733047485,0.9020659923553467,0.1481461226940155,0.3767421543598175,0.5548624396324158,0.8266561627388,0.9809687733650208,0.9672598838806152
93,0.12506084144115448,0.9958211779594421,0.48618945479393005,0.9034075736999512,0.14772126078605652,0.37581607699394226,0.5553551912307739,0.8253529667854309,0.9812915921211243,0.9672709107398987
94,0.1242455393075943,0.9958211779594421,0.4866376519203186,0.9039044380187988,0.14732030034065247,0.37399300932884216,0.5553551912307739,0.8231746554374695,0.9814055562019348,0.9667956233024597
95,0.1234428733587265,0.9955868721008301,0.4866376519203186,0.9038109183311462,0.1469491422176361,0.37476277351379395,0.5625607967376709,0.8173908591270447,0.9813722968101501,0.9664640426635742
96,0.12265297770500183,0.9956464767456055,0.4930380582809448,0.903662919998169,0.14658552408218384,0.3740912675857544,0.5626025199890137,0.8165634274482727,0.9816096425056458,0.966198742389679
97,0.12187530100345612,0.9956474304199219,0.493054062128067,0.9036799073219299,0.146320179104805,0.3724355697631836,0.5627114772796631,0.8147685527801514,0.9816144108772278,0.9657344818115234
98,0.12110937386751175,0.9956961870193481,0.4932669997215271,0.903901994228363,0.14589037001132965,0.3754761815071106,0.5719040036201477,0.8137530088424683,0.981666624546051,0.9659003019332886
99,0.12035506218671799,0.9957535862922668,0.5017076134681702,0.9057503342628479,0.14562828838825226,0.3738550841808319,0.5724081993103027,0.8125330209732056,0.9820985794067383,0.9657123684883118
100,0.1196114644408226,0.9957535862922668,0.5021622180938721,0.9062272310256958,0.1454034447669983,0.3738144040107727,0.5724081993103027,0.8124722838401794,0.9822125434875488,0.9653586745262146
101,0.11887907236814499,0.9957535862922668,0.5021622180938721,0.9062272310256958,0.1451299786567688,0.3733082115650177,0.5724081993103027,0.8117979168891907,0.9822125434875488,0.9649718403816223
102,0.11815735697746277,0.9957228302955627,0.5021622180938721,0.9062142968177795,0.14487510919570923,0.372958779335022,0.5729627013206482,0.8118296265602112,0.9822077751159668,0.9648723602294922
103,0.11744551360607147,0.9956014156341553,0.5026518702507019,0.9066569209098816,0.14462880790233612,0.37152525782585144,0.573271632194519,0.8101537823677063,0.982302725315094,0.9645075798034668
104,0.11674418300390244,0.9955694675445557,0.5029863119125366,0.9070068597793579,0.1444290727376938,0.36826300621032715,0.573271632194519,0.806090235710144,0.9823691844940186,0.9639549255371094
105,0.11605226248502731,0.9955694675445557,0.5029863119125366,0.9070068597793579,0.14432239532470703,0.36773568391799927,0.5821670293807983,0.7970449328422546,0.9823691844940186,0.9634795784950256
106,0.11537028104066849,0.9955694675445557,0.5032322406768799,0.9072574973106384,0.14415530860424042,0.36632612347602844,0.5859927535057068,0.7981716990470886,0.9824213981628418,0.9633469581604004
107,0.11469718813896179,0.9954566359519958,0.5062113404273987,0.9106943607330322,0.14411920309066772,0.369953989982605,0.5947647094726562,0.7978463172912598,0.9826540350914001,0.9629711508750916
108,0.11403340101242065,0.9954094290733337,0.5141478776931763,0.9118263721466064,0.1440112590789795,0.3697153329849243,0.597316563129425,0.7997686862945557,0.9828771352767944,0.9627832174301147
109,0.11337815225124359,0.9953649640083313,0.5167171955108643,0.9155329465866089,0.14397412538528442,0.37024161219596863,0.5978403091430664,0.8007605671882629,0.9830859899520874,0.9627611637115479
110,0.11273234337568283,0.9950650930404663,0.5171571373939514,0.9158298969268799,0.14383114874362946,0.3728388249874115,0.6114862561225891,0.8024374842643738,0.983161985874176,0.9628716707229614
111,0.1120942085981369,0.995057225227356,0.5295938849449158,0.9215962886810303,0.1436840295791626,0.3724764287471771,0.6076796054840088,0.7992351651191711,0.9838692545890808,0.9622416496276855
112,0.11146790534257889,0.9950882792472839,0.5262869596481323,0.9181258678436279,0.14401043951511383,0.3714381158351898,0.6120450496673584,0.8009532690048218,0.9836366772651672,0.9619100093841553
113,0.11084774136543274,0.9950172305107117,0.5301100611686707,0.9221104979515076,0.14371900260448456,0.3704891800880432,0.6120450496673584,0.7991024255752563,0.9839784502983093,0.9615342020988464
114,0.11024494469165802,0.9950882792472839,0.5301100611686707,0.92214035987854,0.14401260018348694,0.3690206706523895,0.6131978034973145,0.7975469827651978,0.9839879870414734,0.9611583948135376
115,0.10963629931211472,0.9947714805603027,0.531097412109375,0.922951340675354,0.1436377763748169,0.3697595000267029,0.6126627326011658,0.7979897260665894,0.9841588735580444,0.9611583948135376
116,0.10903536528348923,0.9947195649147034,0.5306450724601746,0.9225188493728638,0.1437993347644806,0.36855143308639526,0.6129097938537598,0.7967871427536011,0.984054446220398,0.9608268141746521
117,0.10843636840581894,0.9947195649147034,0.5308457612991333,0.9227067232131958,0.14356334507465363,0.3732902705669403,0.6218312382698059,0.7976764440536499,0.9840971231460571,0.9610368013381958
118,0.10785616934299469,0.9947882294654846,0.5389158129692078,0.9238438606262207,0.14318613708019257,0.36975306272506714,0.6130593419075012,0.7981033325195312,0.9843677282333374,0.9608047008514404
119,0.10728989541530609,0.9947206377983093,0.5309792757034302,0.9228548407554626,0.14343899488449097,0.3728932738304138,0.6222162246704102,0.7972226738929749,0.9841303825378418,0.9607825875282288
120,0.10671484470367432,0.9948405027389526,0.539529025554657,0.9244394302368164,0.14334551990032196,0.3730391561985016,0.6218312382698059,0.797101616859436,0.9845054149627686,0.9606831073760986
121,0.10614869743585587,0.9947891235351562,0.5389317870140076,0.9238598942756653,0.14334715902805328,0.37325534224510193,0.6218312382698059,0.7973526120185852,0.9843724966049194,0.9605725407600403
122,0.10559426993131638,0.9947891235351562,0.5389317870140076,0.9238598942756653,0.14343468844890594,0.3735179603099823,0.6233440041542053,0.7986552715301514,0.9843724966049194,0.960727334022522
123,0.10504833608865738,0.9948405027389526,0.540475070476532,0.9253421425819397,0.14312724769115448,0.3736236095428467,0.6218312382698059,0.7977374196052551,0.9845908284187317,0.9605283737182617
124,0.10450918972492218,0.9947891235351562,0.5389317870140076,0.9238598942756653,0.14326980710029602,0.3738515377044678,0.6242305636405945,0.7996984124183655,0.9843724966049194,0.9607383608818054
125,0.10396641492843628,0.9947659373283386,0.5413702130317688,0.9263190031051636,0.14322873950004578,0.37395328283309937,0.6242305636405945,0.7998191714286804,0.9847142696380615,0.9607494473457336
126,0.10343576967716217,0.9947659373283386,0.5413702130317688,0.9263190031051636,0.14326022565364838,0.37425801157951355,0.6241216063499451,0.8001059889793396,0.9847142696380615,0.9608047008514404
127,0.10291652381420135,0.994714617729187,0.5411185622215271,0.9260775446891785,0.14344371855258942,0.3740698993206024,0.6272979378700256,0.8021066188812256,0.984652578830719,0.9610257744789124
128,0.10239847749471664,0.9947659373283386,0.5442695617675781,0.9290879368782043,0.1433216631412506,0.3741692304611206,0.625058114528656,0.8006603121757507,0.985079824924469,0.9609262943267822
129,0.1018868237733841,0.9947659373283386,0.5422028303146362,0.9271559119224548,0.1435120552778244,0.3736894428730011,0.6276407241821289,0.801880419254303,0.9848329424858093,0.9609925746917725
130,0.10137660801410675,0.9947770237922668,0.5444820523262024,0.92929607629776,0.14353187382221222,0.373811274766922,0.6276407241821289,0.8019376397132874,0.9851415157318115,0.9610036611557007
131,0.10087622702121735,0.9947770237922668,0.5444820523262024,0.92929607629776,0.14343027770519257,0.37467432022094727,0.6265841126441956,0.8021490573883057,0.9851415157318115,0.9612689018249512
132,0.10038498044013977,0.9962600469589233,0.5435472130775452,0.9290313720703125,0.14360857009887695,0.37431150674819946,0.6297734975814819,0.8043808341026306,0.9852174520492554,0.9613021016120911
133,0.09989503026008606,0.9947772026062012,0.5467724204063416,0.9323767423629761,0.1434965282678604,0.3753818869590759,0.6287175416946411,0.8047686219215393,0.9854121208190918,0.9615452885627747
134,0.0994122177362442,0.9962600469589233,0.5458185076713562,0.9321169853210449,0.14368833601474762,0.37510329484939575,0.6297734975814819,0.8051772117614746,0.9854832887649536,0.9615563154220581
135,0.09893058985471725,0.9962602257728577,0.5467724204063416,0.9330356121063232,0.14372679591178894,0.3749294877052307,0.6297734975814819,0.8049983382225037,0.9856257438659668,0.9614899754524231
136,0.09845717251300812,0.9962602257728577,0.5467724204063416,0.9330356121063232,0.14379122853279114,0.3749176263809204,0.6297237277030945,0.8049461245536804,0.9856257438659668,0.9614789485931396
137,0.09799055755138397,0.9962600469589233,0.5467533469200134,0.9330151081085205,0.14400489628314972,0.3747338354587555,0.6299706697463989,0.8048989772796631,0.9856209754943848,0.9614899754524231
138,0.09752824157476425,0.996267557144165,0.546903133392334,0.9331655502319336,0.14396868646144867,0.3746900260448456,0.6297237277030945,0.8046920299530029,0.9856589436531067,0.9614126086235046
139,0.09707368165254593,0.9962600469589233,0.5467533469200134,0.9330151081085205,0.14424200356006622,0.3740857243537903,0.6299706697463989,0.8040966391563416,0.9856209754943848,0.9613021016120911
140,0.09661968052387238,0.996267557144165,0.546903133392334,0.9331655502319336,0.14419375360012054,0.37425658106803894,0.6299706697463989,0.8042076230049133,0.9856589436531067,0.9613683819770813
141,0.09617381542921066,0.9961426854133606,0.546903133392334,0.9331207275390625,0.1444329023361206,0.3817509114742279,0.6481643319129944,0.8039078116416931,0.9856446981430054,0.961843729019165
142,0.09572891145944595,0.9963008761405945,0.5634893178939819,0.935505747795105,0.1444072276353836,0.3782142400741577,0.6387426257133484,0.8041508197784424,0.9862285852432251,0.961523175239563
143,0.09529178589582443,0.9963106513023376,0.555060863494873,0.9342081546783447,0.14456866681575775,0.38158273696899414,0.6483502388000488,0.8040043711662292,0.985929548740387,0.9617221355438232
144,0.09485787898302078,0.9963892102241516,0.5635817050933838,0.9356292486190796,0.14466267824172974,0.381352037191391,0.6483502388000488,0.8037612438201904,0.986266553401947,0.9616447687149048
145,0.09443019330501556,0.9964464902877808,0.5635817050933838,0.9356535077095032,0.1448133885860443,0.38434553146362305,0.6555557250976562,0.8016636371612549,0.9862760901451111,0.9616447687149048
146,0.09400714188814163,0.9964706301689148,0.5709303021430969,0.9359672665596008,0.14498504996299744,0.383621484041214,0.6559263467788696,0.8010562062263489,0.9865134358406067,0.9614678621292114
147,0.09358863532543182,0.9964699745178223,0.5711822509765625,0.9361895322799683,0.14503708481788635,0.38314661383628845,0.6559263467788696,0.8004927635192871,0.9865656495094299,0.9613463282585144
148,0.09317607432603836,0.9964699745178223,0.5711822509765625,0.9361895322799683,0.14527632296085358,0.3852556049823761,0.6608277559280396,0.7961986660957336,0.9865656495094299,0.9612799882888794
149,0.09276676177978516,0.996410071849823,0.575416088104248,0.9331874251365662,0.1452498435974121,0.3829023838043213,0.6559263467788696,0.8000279664993286,0.986784040927887,0.9612578749656677
150,0.09236623346805573,0.9984975457191467,0.5711822509765625,0.937068521976471,0.1456650346517563,0.3840257525444031,0.6618120074272156,0.7955412268638611,0.9867792725563049,0.9610368013381958
151,0.0919688493013382,0.996388852596283,0.5767554640769958,0.9344162344932556,0.14543406665325165,0.3816002607345581,0.6557410359382629,0.79833984375,0.9870308637619019,0.9608268141746521
152,0.09159006923437119,0.9984975457191467,0.5710707902908325,0.9369750022888184,0.14620906114578247,0.38300177454948425,0.667270302772522,0.797561764717102,0.9867555499076843,0.960981547832489
153,0.09121151268482208,0.9965516328811646,0.5813673734664917,0.9387868642807007,0.14565400779247284,0.38053247332572937,0.6543049812316895,0.7959612011909485,0.9874723553657532,0.9604178071022034
154,0.09084980934858322,0.9985036253929138,0.5698472857475281,0.9358276724815369,0.1465328186750412,0.38209429383277893,0.667270302772522,0.7962366342544556,0.9865988492965698,0.960660994052887
155,0.09043844044208527,0.9965516328811646,0.5813673734664917,0.9387868642807007,0.1461675465106964,0.382899671792984,0.6624376773834229,0.7939392328262329,0.9874723553657532,0.9607052206993103
156,0.09003417938947678,0.9984933137893677,0.5770912766456604,0.9356288313865662,0.14634214341640472,0.38218772411346436,0.6624376773834229,0.7930957674980164,0.9873061776161194,0.9605394005775452
157,0.08966254442930222,0.9984933137893677,0.5770912766456604,0.9356288313865662,0.14695897698402405,0.3818311095237732,0.6674379110336304,0.7959500551223755,0.9873061776161194,0.9604841470718384
158,0.08931223303079605,0.9983930587768555,0.5815179347991943,0.93980473279953,0.14642544090747833,0.3818802833557129,0.6623141765594482,0.792707622051239,0.9877191781997681,0.9603294134140015
159,0.0889551118016243,0.9984933137893677,0.5768006443977356,0.9353731870651245,0.14718060195446014,0.381387323141098,0.668123185634613,0.7958375215530396,0.9872444868087769,0.9604288935661316
160,0.08856605738401413,0.9983930587768555,0.5821636915206909,0.9403575658798218,0.147064670920372,0.38189181685447693,0.668123185634613,0.7964687347412109,0.9878331422805786,0.9605836272239685
161,0.08820634335279465,0.9984959959983826,0.5821636915206909,0.9403984546661377,0.14706483483314514,0.3806673288345337,0.6631230115890503,0.7917719483375549,0.9878426194190979,0.9601083397865295
162,0.08787411451339722,0.9984943270683289,0.5778388977050781,0.9362921118736267,0.14751888811588287,0.38126635551452637,0.668274462223053,0.7958294153213501,0.9874438643455505,0.9603846669197083
163,0.08752081543207169,0.9983975291252136,0.5824638605117798,0.9406207203865051,0.1471182107925415,0.3817608952522278,0.6680827736854553,0.7962139248847961,0.9879043102264404,0.960594654083252
164,0.087163046002388,0.9985625147819519,0.5821481943130493,0.9404124617576599,0.1475108414888382,0.3810475468635559,0.6680827736854553,0.795319139957428,0.9878473877906799,0.9604067802429199
165,0.08681859821081161,0.9985625147819519,0.5822449326515198,0.9404998421669006,0.1474587619304657,0.38121944665908813,0.6683162450790405,0.7957664728164673,0.9878711104393005,0.9604620337486267
166,0.08649046719074249,0.9985349774360657,0.5825180411338806,0.9407282471656799,0.14713595807552338,0.38203418254852295,0.6680827736854553,0.7965136170387268,0.9879328012466431,0.9606941342353821
167,0.08616330474615097,0.9986331462860107,0.582283079624176,0.9405688047409058,0.14778129756450653,0.3798840045928955,0.6683162450790405,0.7941294312477112,0.9878901243209839,0.9602188467979431
168,0.08581895381212234,0.998306393623352,0.5825180411338806,0.9406307339668274,0.1473342627286911,0.38053664565086365,0.6683162450790405,0.7949493527412415,0.9878996014595032,0.960439920425415
169,0.08548877388238907,0.9983704090118408,0.5824612379074097,0.9406096339225769,0.14721179008483887,0.38107621669769287,0.6681245565414429,0.7954320311546326,0.9878948330879211,0.9605504870414734
170,0.08517485111951828,0.998667299747467,0.5823436379432678,0.9406338930130005,0.14750002324581146,0.3793814182281494,0.6683162450790405,0.7935475707054138,0.9879090785980225,0.9600419998168945
171,0.08485744893550873,0.9983751177787781,0.5826297998428345,0.9407576322555542,0.14698641002178192,0.38113829493522644,0.668275773525238,0.7957060933113098,0.9879328012466431,0.9605504870414734
172,0.08453966677188873,0.9984920620918274,0.5822673439979553,0.9404990673065186,0.14711493253707886,0.37966325879096985,0.6683162450790405,0.7939735054969788,0.9878711104393005,0.9601746201515198
173,0.08421898633241653,0.9984425902366638,0.5825340151786804,0.9407042264938354,0.14677926898002625,0.38076016306877136,0.6683162450790405,0.7952415943145752,0.9879233241081238,0.9605172872543335
174,0.08391059190034866,0.998462975025177,0.5826457738876343,0.9408087134361267,0.14689281582832336,0.3794426918029785,0.6683162450790405,0.7936015129089355,0.9879518151283264,0.9599425196647644
175,0.08361217379570007,0.9987678527832031,0.5822988152503967,0.940639853477478,0.14725475013256073,0.3780534267425537,0.6685402989387512,0.7919887900352478,0.9879185557365417,0.9595667123794556
176,0.08330994099378586,0.998467206954956,0.5828667283058167,0.9410254955291748,0.1464110016822815,0.3799692392349243,0.6684396266937256,0.7942849397659302,0.9879992604255676,0.9602299332618713
177,0.08301129937171936,0.9987399578094482,0.5824972987174988,0.9408186078071594,0.1464901566505432,0.3800047039985657,0.6685402989387512,0.794285237789154,0.9879565834999084,0.9602741003036499
178,0.08270923793315887,0.9987421035766602,0.5828890204429626,0.9411557912826538,0.14633187651634216,0.38043421506881714,0.6684814095497131,0.7947852611541748,0.9880419969558716,0.9603404402732849
179,0.08241509646177292,0.9987413287162781,0.5826411843299866,0.9409435391426086,0.14619819819927216,0.3800528049468994,0.668397843837738,0.7942368388175964,0.9879897832870483,0.9602630734443665
180,0.08212721347808838,0.9987399578094482,0.5826090574264526,0.9409143328666687,0.14641083776950836,0.38308611512184143,0.6772491931915283,0.7931953072547913,0.987980306148529,0.960439920425415
181,0.08184279501438141,0.998730480670929,0.5911457538604736,0.9421335458755493,0.14620709419250488,0.37970170378685,0.668397843837738,0.7937873601913452,0.9883505702018738,0.9601967334747314
182,0.08156540989875793,0.9987960457801819,0.5826504826545715,0.9409753680229187,0.1465972661972046,0.3898735046386719,0.6924112439155579,0.7906917333602905,0.9879992604255676,0.9607825875282288
183,0.08128513395786285,0.998759925365448,0.6035075783729553,0.9403228759765625,0.14622995257377625,0.3819899559020996,0.6766451001167297,0.791322648525238,0.9888395071029663,0.960119366645813
184,0.08101307600736618,0.9987823963165283,0.5904740691184998,0.9415954351425171,0.14684626460075378,0.3885657489299774,0.6924605965614319,0.7891414165496826,0.988227128982544,0.9603846669197083
185,0.08073681592941284,0.9987605214118958,0.6036196351051331,0.9404234290122986,0.146295964717865,0.3812803328037262,0.6767039895057678,0.7904466390609741,0.988867998123169,0.9598540663719177
186,0.08047004044055939,0.9987830519676208,0.5905213356018066,0.9416412711143494,0.14657150208950043,0.38824477791786194,0.6925150752067566,0.788723349571228,0.9882366061210632,0.9602851867675781
187,0.08019887655973434,0.9987607002258301,0.6036583185195923,0.9404568076133728,0.14558714628219604,0.384995698928833,0.6835432052612305,0.789296567440033,0.9888774752616882,0.9601635932922363
188,0.07993846386671066,0.9987995624542236,0.5959831476211548,0.9399659037590027,0.1457277089357376,0.3884662389755249,0.6928779482841492,0.7892547249794006,0.9885357022285461,0.9604288935661316
189,0.07967402786016464,0.9987883567810059,0.6040828227996826,0.9408350586891174,0.14503024518489838,0.3898778259754181,0.6919990181922913,0.790401816368103,0.9889724254608154,0.9607052206993103
190,0.07942178100347519,0.9988142848014832,0.6030980944633484,0.9400372505187988,0.14528721570968628,0.38997218012809753,0.6944728493690491,0.7920541763305664,0.9887778162956238,0.9609373211860657
191,0.07916488498449326,0.9987890720367432,0.6056079268455505,0.9422664046287537,0.144307479262352,0.3922279477119446,0.6919344663619995,0.7934917211532593,0.9891243577003479,0.9615673422813416
192,0.07892314344644547,0.9990655183792114,0.6030980944633484,0.9401445388793945,0.14470553398132324,0.3957931697368622,0.7000223994255066,0.7931163907051086,0.9888157844543457,0.9619321227073669
193,0.07867271453142166,0.9985447525978088,0.6109384894371033,0.9405452609062195,0.14390815794467926,0.3935641944408417,0.6919344663619995,0.795218288898468,0.9893047213554382,0.9619652628898621
194,0.07843839377164841,0.9990655183792114,0.6030980944633484,0.9401445388793945,0.14461970329284668,0.39611029624938965,0.7000223994255066,0.7935390472412109,0.9888157844543457,0.9619432091712952
195,0.07818564027547836,0.9985448122024536,0.6109539866447449,0.9405584335327148,0.14388267695903778,0.39327916502952576,0.6923456788063049,0.7951135635375977,0.9893094897270203,0.9619763493537903
196,0.07794365286827087,0.9990655183792114,0.6034209132194519,0.9403947591781616,0.144313782453537,0.3962320387363434,0.7000223994255066,0.7936234474182129,0.988872766494751,0.9620979428291321
197,0.0776827484369278,0.9984919428825378,0.6109694838523865,0.940548837184906,0.1438366174697876,0.39350274205207825,0.6924001574516296,0.7953401207923889,0.9893047213554382,0.9619652628898621
198,0.0774337574839592,0.9990390539169312,0.6034982800483704,0.9404500722885132,0.14409610629081726,0.3964066207408905,0.6999720335006714,0.79372638463974,0.9888870120048523,0.9621089696884155
199,0.07718632370233536,0.9984910488128662,0.6105848550796509,0.9402360916137695,0.1439286172389984,0.39642366766929626,0.6999720335006714,0.7937197089195251,0.9892145395278931,0.9621974229812622
200,0.07695069164037704,0.9987393021583557,0.6105693578720093,0.9403290748596191,0.1438048928976059,0.396418958902359,0.699649453163147,0.7934393882751465,0.9892477989196777,0.9621642827987671
201,0.07672373950481415,0.998997688293457,0.6102611422538757,0.940173864364624,0.14414900541305542,0.3956064283847809,0.6999720335006714,0.7926671504974365,0.9892240166664124,0.9619210958480835
202,0.07650116086006165,0.9984922409057617,0.6110610365867615,0.9406314492225647,0.14373180270195007,0.39583712816238403,0.6980047821998596,0.7917490601539612,0.9893237352371216,0.9619763493537903
203,0.0762939527630806,0.9990241527557373,0.6088908314704895,0.9389000535011292,0.14442235231399536,0.39498284459114075,0.7042444944381714,0.794230580329895,0.9891148805618286,0.9619100093841553
204,0.07609029114246368,0.9984732270240784,0.6146228909492493,0.9441751837730408,0.14358055591583252,0.3928123414516449,0.6923502683639526,0.7943909168243408,0.9896512627601624,0.9618547558784485
205,0.07592721283435822,0.9990658760070801,0.6034789085388184,0.940444827079773,0.14476686716079712,0.39815080165863037,0.7146618366241455,0.7941789627075195,0.9888870120048523,0.9618878960609436
206,0.07573682069778442,0.9979953169822693,0.6242178678512573,0.9459518790245056,0.14340047538280487,0.39266178011894226,0.6922540664672852,0.7941059470176697,0.9899550676345825,0.9618216156959534
207,0.07556838542222977,0.9990113973617554,0.6034435629844666,0.9403912425041199,0.14448849856853485,0.3945339620113373,0.7058394551277161,0.7946448922157288,0.988867998123169,0.9617442488670349
208,0.07525891810655594,0.9980221390724182,0.6162025332450867,0.9452856183052063,0.14338363707065582,0.39487388730049133,0.6999221444129944,0.7918592095375061,0.9897319674491882,0.9617995023727417
209,0.07497254759073257,0.9987660050392151,0.6108783483505249,0.9406114816665649,0.14338615536689758,0.39481478929519653,0.7003342509269714,0.7920221090316772,0.9893189668655396,0.9618216156959534
210,0.07475419342517853,0.9987698793411255,0.6111617684364319,0.9408683776855469,0.1437574028968811,0.39839622378349304,0.7145615816116333,0.7945050597190857,0.9893759489059448,0.9619652628898621
211,0.07459709793329239,0.9980448484420776,0.6241390109062195,0.9459145069122314,0.14256668090820312,0.395009845495224,0.6979629993438721,0.7907916903495789,0.9899455904960632,0.9617552757263184
212,0.07444772869348526,0.9990232586860657,0.6090713739395142,0.9390624165534973,0.1434115320444107,0.39812764525413513,0.714661180973053,0.7943100929260254,0.9891433119773865,0.9618657827377319
213,0.07419069856405258,0.9980493187904358,0.624215304851532,0.94598388671875,0.14253903925418854,0.3944489359855652,0.7003342509269714,0.7916695475578308,0.9899646043777466,0.9617442488670349
214,0.0739392414689064,0.9987712502479553,0.6112189888954163,0.9409217238426208,0.14236439764499664,0.39399483799934387,0.7004339694976807,0.7911906838417053,0.9893901944160461,0.9615673422813416
215,0.07373016327619553,0.9985352158546448,0.6115123629570007,0.941070556640625,0.14254987239837646,0.3980856239795685,0.714661180973053,0.7942553758621216,0.989423394203186,0.9618326425552368
216,0.0735655352473259,0.9982935786247253,0.624215304851532,0.9460888504981995,0.14170902967453003,0.39474979043006897,0.698697566986084,0.7911326289176941,0.9900025725364685,0.9616779088973999
217,0.07340914011001587,0.998770534992218,0.6098520755767822,0.9396392703056335,0.14233677089214325,0.3975682556629181,0.7149471044540405,0.7938466668128967,0.9892762303352356,0.9617331624031067
218,0.07318352162837982,0.9982959032058716,0.624523937702179,0.9463441371917725,0.14144253730773926,0.3938851058483124,0.7004339694976807,0.7911406755447388,0.9900690317153931,0.9615342020988464
219,0.07295836508274078,0.998537003993988,0.6114535331726074,0.9410289525985718,0.14140814542770386,0.3980672359466553,0.7123652696609497,0.7930454015731812,0.9894139170646667,0.9617995023727417
220,0.07275073975324631,0.9984984397888184,0.6221270561218262,0.9444490671157837,0.1416328400373459,0.3977234661579132,0.7133158445358276,0.7931711077690125,0.9898459315299988,0.9617552757263184
221,0.07257688790559769,0.9984726905822754,0.622962474822998,0.9451654553413391,0.1410931497812271,0.39384785294532776,0.7007339000701904,0.7913187146186829,0.9899550676345825,0.9615894556045532
222,0.0724206194281578,0.998537540435791,0.6116045713424683,0.941161572933197,0.14165255427360535,0.39660000801086426,0.7150614261627197,0.7929143309593201,0.9894424080848694,0.9615452885627747
223,0.07223433256149292,0.9980262517929077,0.6246132254600525,0.9463061690330505,0.14085955917835236,0.3942504823207855,0.7006921768188477,0.7917870283126831,0.9900595545768738,0.9615784287452698
224,0.07204709202051163,0.9985367655754089,0.6115885972976685,0.9411477446556091,0.14145463705062866,0.39631879329681396,0.7150110602378845,0.7922746539115906,0.9894376397132874,0.9613463282585144
225,0.07183559983968735,0.9982031583786011,0.6245927810668945,0.9463674426078796,0.14091801643371582,0.3978075087070465,0.7124297618865967,0.7925794720649719,0.9900879859924316,0.9615342020988464
226,0.07163961976766586,0.998497724533081,0.6219721436500549,0.9443215727806091,0.1409919410943985,0.3970755934715271,0.7124797105789185,0.7916861772537231,0.9898079037666321,0.9613242149353027
227,0.07145778089761734,0.9982265830039978,0.6220294237136841,0.9442564845085144,0.14121191203594208,0.39606061577796936,0.7150110602378845,0.7918843626976013,0.9897889494895935,0.9612136483192444
228,0.07128868252038956,0.9982290267944336,0.6246315240859985,0.9464100003242493,0.1406720131635666,0.3965589106082916,0.7094640731811523,0.7897129654884338,0.990102231502533,0.9613352417945862
229,0.07113313674926758,0.9985292553901672,0.6197413206100464,0.9419844150543213,0.14134296774864197,0.39516526460647583,0.7241740822792053,0.7830768823623657,0.9896939992904663,0.9609925746917725
230,0.07097433507442474,0.9980358481407166,0.624889612197876,0.9465394020080566,0.14062191545963287,0.39561232924461365,0.7078691720962524,0.787601888179779,0.9901212453842163,0.961235761642456
231,0.07084311544895172,0.9985292553901672,0.618192732334137,0.9405754208564758,0.14139820635318756,0.39457058906555176,0.7243723273277283,0.7824680805206299,0.9895420670509338,0.9609594345092773
232,0.07067874819040298,0.9980059266090393,0.6250407695770264,0.9466548562049866,0.14065267145633698,0.3951561748981476,0.7078691720962524,0.787015438079834,0.9901544451713562,0.9610368013381958
233,0.07054952532052994,0.9985275268554688,0.6181548237800598,0.9405426979064941,0.14152896404266357,0.39437130093574524,0.7246696949005127,0.7823612093925476,0.9895325899124146,0.9608599543571472
234,0.07033520936965942,0.9980059266090393,0.6252297163009644,0.9468167424201965,0.14076490700244904,0.39462026953697205,0.7182857990264893,0.7794098258018494,0.9901877045631409,0.9608489274978638
235,0.07014008611440659,0.9982274174690247,0.6198692917823792,0.9419654607772827,0.14130333065986633,0.39422181248664856,0.724272608757019,0.7819687724113464,0.9896892309188843,0.960727334022522
236,0.06992782652378082,0.9980304837226868,0.624983012676239,0.9466177225112915,0.14083527028560638,0.39476606249809265,0.7216930985450745,0.7812772393226624,0.9901449680328369,0.9608268141746521
237,0.06975112855434418,0.9982383847236633,0.6226327419281006,0.9447519779205322,0.14074395596981049,0.39481979608535767,0.7216930985450745,0.7812171578407288,0.9899313449859619,0.9608378410339355
238,0.0696050226688385,0.998237669467926,0.6224778890609741,0.9446251392364502,0.1411188542842865,0.39400017261505127,0.7252563834190369,0.7822127938270569,0.98989337682724,0.9608268141746521
239,0.06946961581707001,0.9980059266090393,0.625533938407898,0.9470754265785217,0.14023269712924957,0.3947039544582367,0.7182857990264893,0.7795162200927734,0.9902446866035461,0.9609041810035706
240,0.0693574771285057,0.9982274174690247,0.6198692917823792,0.9419654607772827,0.14100739359855652,0.3944077491760254,0.7253566384315491,0.782983660697937,0.9896892309188843,0.961047887802124
241,0.06920578330755234,0.998008131980896,0.6255924701690674,0.9471255540847778,0.14020289480686188,0.39510735869407654,0.7166909575462341,0.77922123670578,0.9902589321136475,0.9609484076499939
242,0.06908099353313446,0.9982274174690247,0.6184989809989929,0.9406951665878296,0.14064332842826843,0.39475053548812866,0.7253566384315491,0.7834109663963318,0.9895753264427185,0.9612689018249512
243,0.06887440383434296,0.998008131980896,0.6255924701690674,0.9471255540847778,0.14003773033618927,0.3958883285522461,0.7218986749649048,0.7827895283699036,0.9902589321136475,0.9613352417945862
244,0.06868956238031387,0.9982377886772156,0.6225822567939758,0.9447154998779297,0.14036226272583008,0.39542996883392334,0.7252070903778076,0.7841477394104004,0.9899170994758606,0.9614236950874329
245,0.06850208342075348,0.9980304837226868,0.6254965662956238,0.9470544457435608,0.1401277780532837,0.3964264690876007,0.7252070903778076,0.7854203581809998,0.9902399182319641,0.9616668224334717
246,0.0683467760682106,0.9982081651687622,0.6254965662956238,0.9471319913864136,0.14002715051174164,0.3961125910282135,0.7223789095878601,0.7834606170654297,0.9902731776237488,0.9615673422813416
247,0.06821830570697784,0.9982385635375977,0.6228958368301392,0.944981038570404,0.14058272540569305,0.3955744504928589,0.7253466248512268,0.7845345735549927,0.9899788498878479,0.9614899754524231
248,0.06809285283088684,0.9980335235595703,0.625607967376709,0.9471494555473328,0.13995473086833954,0.39609453082084656,0.7193145751953125,0.7819696664810181,0.9902684092521667,0.9616336822509766
249,0.06798986345529556,0.9982368350028992,0.6205716729164124,0.9425500631332397,0.14070945978164673,0.3956606686115265,0.7268838286399841,0.7854791283607483,0.9898363947868347,0.9616115689277649
250,0.0678478479385376,0.9979128837585449,0.62703937292099,0.9482616782188416,0.13982036709785461,0.39683496952056885,0.7194132208824158,0.7829245328903198,0.9903776049613953,0.9618547558784485
251,0.0677381232380867,0.9982377886772156,0.6206650733947754,0.9426305294036865,0.14051595330238342,0.39593809843063354,0.7268838286399841,0.7859134078025818,0.9898601770401001,0.9617884159088135
252,0.06754563003778458,0.997916042804718,0.627103328704834,0.9483157396316528,0.1395471692085266,0.39745041728019714,0.722377598285675,0.785103440284729,0.9903965592384338,0.962064802646637
253,0.06737744063138962,0.9982066750526428,0.6229158043861389,0.9449831247329712,0.1398940235376358,0.396930456161499,0.7252973318099976,0.7861534953117371,0.9899788498878479,0.9620426893234253
254,0.0671975240111351,0.9980363249778748,0.6256346106529236,0.947171688079834,0.13951440155506134,0.39676278829574585,0.7253466248512268,0.7859672904014587,0.990277886390686,0.9619873762130737
255,0.06704703718423843,0.9982106685638428,0.625607967376709,0.947226881980896,0.13920287787914276,0.39674562215805054,0.7228164672851562,0.7844749093055725,0.9903016090393066,0.9618768692016602
256,0.06692289561033249,0.9982096552848816,0.623158872127533,0.9451921582221985,0.13952535390853882,0.39592012763023376,0.7253466248512268,0.7848828434944153,0.9900262951850891,0.9617000222206116
257,0.06680701673030853,0.9979409575462341,0.6256719827651978,0.9471626877784729,0.1388077288866043,0.3956364095211029,0.7195533514022827,0.7815753817558289,0.9902826547622681,0.9616115689277649
258,0.06671340018510818,0.9982399940490723,0.6207391023635864,0.9426935911178589,0.13917753100395203,0.3981972634792328,0.7336314916610718,0.7829344272613525,0.9898791313171387,0.9616779088973999
259,0.06659547984600067,0.9978759288787842,0.6332477331161499,0.9474306106567383,0.1382649540901184,0.39719223976135254,0.7195533514022827,0.783416748046875,0.9905009865760803,0.9620426893234253
260,0.06652478128671646,0.9982399940490723,0.6207391023635864,0.9426935911178589,0.1388065218925476,0.3955378234386444,0.7279863953590393,0.78609699010849,0.9898791313171387,0.9617331624031067
261,0.06634535640478134,0.9977931976318359,0.627925455570221,0.9489277601242065,0.1376567929983139,0.3978169560432434,0.7198506593704224,0.7844038009643555,0.9905057549476624,0.9621310830116272
262,0.06619695574045181,0.99820876121521,0.6209281086921692,0.9428418278694153,0.1381978988647461,0.39653268456459045,0.7260854840278625,0.7860909700393677,0.9899076223373413,0.9617884159088135
263,0.06600481271743774,0.9979514479637146,0.6262616515159607,0.9476450085639954,0.13798163831233978,0.3970106244087219,0.7253466248512268,0.7862650156021118,0.9903443455696106,0.9617995023727417
264,0.06584881246089935,0.9980366826057434,0.6256719827651978,0.9472036361694336,0.1375003457069397,0.3981373906135559,0.722823977470398,0.7861344814300537,0.9902873635292053,0.9619321227073669
265,0.06573141366243362,0.9982123374938965,0.6232442855834961,0.9452646970748901,0.1377139687538147,0.39733219146728516,0.7275722026824951,0.7877776622772217,0.9900500178337097,0.9620205760002136
266,0.06563308835029602,0.9979192018508911,0.6276726126670837,0.9487797617912292,0.1374046504497528,0.398006796836853,0.7227746844291687,0.7858487367630005,0.9904535412788391,0.9619321227073669
267,0.06555365771055222,0.9982119798660278,0.6232069134712219,0.9452328085899353,0.137710839509964,0.399223655462265,0.7348337769508362,0.7847253680229187,0.9900405406951904,0.9620979428291321
268,0.0654330924153328,0.9978218674659729,0.634127140045166,0.9481121301651001,0.13707712292671204,0.3985157310962677,0.7195533514022827,0.7849532961845398,0.9906339049339294,0.9620537161827087
269,0.06534309685230255,0.9982119798660278,0.6208031177520752,0.9427346587181091,0.13773269951343536,0.39963728189468384,0.7351586222648621,0.7853909134864807,0.98989337682724,0.9620316028594971
270,0.06516347080469131,0.9978218674659729,0.634356677532196,0.9483001828193665,0.13704383373260498,0.3985500633716583,0.7228754758834839,0.7866392135620117,0.9906671643257141,0.9620316028594971
271,0.06501147150993347,0.9981836080551147,0.6232826709747314,0.9452845454216003,0.13732260465621948,0.39759692549705505,0.7261850833892822,0.7873380780220032,0.9900547862052917,0.9619542360305786
272,0.06486032158136368,0.9979225397109985,0.6263189315795898,0.9476826190948486,0.13724970817565918,0.397300660610199,0.7262659668922424,0.7870304584503174,0.9903538227081299,0.9618768692016602
273,0.06473591178655624,0.9979239106178284,0.6263654232025146,0.947721004486084,0.1369565725326538,0.3980046808719635,0.7230244874954224,0.786007285118103,0.9903680682182312,0.9620094895362854
274,0.0646357387304306,0.9981873631477356,0.62337726354599,0.9453673958778381,0.13730654120445251,0.3997282385826111,0.7358277440071106,0.7857842445373535,0.9900785088539124,0.9621310830116272
275,0.0645405724644661,0.997916042804718,0.634938657283783,0.9487726092338562,0.13685910403728485,0.39810025691986084,0.7230244874954224,0.7861727476119995,0.9906956553459167,0.9619321227073669
276,0.06446535140275955,0.9981873631477356,0.62337726354599,0.9453673958778381,0.13723111152648926,0.3995349705219269,0.7361611723899841,0.7858172059059143,0.9900785088539124,0.9621200561523438
277,0.06435917317867279,0.9977670311927795,0.6351644396781921,0.9488856792449951,0.13664913177490234,0.3981994390487671,0.7205601334571838,0.7852222919464111,0.9907336235046387,0.9621200561523438
278,0.06430166959762573,0.9981870055198669,0.6216132640838623,0.9433948993682861,0.13707296550273895,0.39934512972831726,0.7365140318870544,0.7859112024307251,0.9899930953979492,0.9622305631637573
279,0.06413587927818298,0.9975261688232422,0.6353917121887207,0.9489634037017822,0.13626112043857574,0.3987530767917633,0.7237432599067688,0.7874917387962341,0.990752637386322,0.9623742699623108
280,0.0640028640627861,0.9981875419616699,0.6239376664161682,0.9458232522010803,0.13658089935779572,0.39831534028053284,0.7293630838394165,0.7901330590248108,0.9901354908943176,0.962639570236206
281,0.06383724510669708,0.9977893233299255,0.628980278968811,0.9497513175010681,0.13641805946826935,0.3986269533634186,0.7265908718109131,0.7889140844345093,0.9906196594238281,0.9626174569129944
282,0.06370382010936737,0.9979239106178284,0.6265949606895447,0.9479112029075623,0.13616035878658295,0.39918050169944763,0.7249541878700256,0.7887515425682068,0.9904013276100159,0.9627611637115479
283,0.06360301375389099,0.998099148273468,0.6251574754714966,0.9468266367912292,0.1365073025226593,0.4013391137123108,0.7361106872558594,0.7879589200019836,0.990315854549408,0.9629711508750916
284,0.06352091580629349,0.9978897571563721,0.635124683380127,0.9489090442657471,0.13633780181407928,0.3994005024433136,0.7236142158508301,0.7880325317382812,0.99074786901474,0.9626063704490662
285,0.06345758587121964,0.9981875419616699,0.62391197681427,0.9458020329475403,0.13653524219989777,0.4013828933238983,0.7365140318870544,0.7883514761924744,0.9901307225227356,0.9629932641983032
286,0.06336025148630142,0.9976001977920532,0.6353917121887207,0.9489961862564087,0.1360214203596115,0.40014538168907166,0.7206409573554993,0.7876529693603516,0.9907668232917786,0.9630042910575867
287,0.06330659985542297,0.9981871843338013,0.6216597557067871,0.943433403968811,0.1365267038345337,0.40179967880249023,0.7366318106651306,0.7890368700027466,0.9900072813034058,0.9631479978561401
288,0.06314367800951004,0.9976037740707397,0.6354626417160034,0.9490557312965393,0.13606733083724976,0.4001392126083374,0.723939061164856,0.7892886400222778,0.9907810688018799,0.9629711508750916
289,0.06301306188106537,0.9981555938720703,0.6241415143013,0.9459789991378784,0.13625501096248627,0.4003509283065796,0.7310868501663208,0.7935106158256531,0.9901592135429382,0.9635016918182373
290,0.06286372989416122,0.9978040456771851,0.6302085518836975,0.9507476091384888,0.13618208467960358,0.4002714157104492,0.7275933623313904,0.7914011478424072,0.9907621145248413,0.9632474780082703
291,0.06274464726448059,0.9978603720664978,0.6273833513259888,0.9484855532646179,0.13624215126037598,0.40004780888557434,0.725827693939209,0.790177583694458,0.9904630184173584,0.96304851770401
292,0.06265401095151901,0.9980355501174927,0.6259201765060425,0.9473798274993896,0.13657696545124054,0.4029826521873474,0.7378345131874084,0.7909231781959534,0.9903728365898132,0.9634685516357422
293,0.06257878988981247,0.9978290796279907,0.6363722681999207,0.949876606464386,0.13624607026576996,0.4007709324359894,0.723939061164856,0.7899051904678345,0.9908807873725891,0.9631479978561401
294,0.06252133846282959,0.9981555938720703,0.6241415143013,0.9459789991378784,0.13681252300739288,0.40214428305625916,0.7378849387168884,0.7900370955467224,0.9901592135429382,0.9632695913314819
295,0.06242995336651802,0.9976274967193604,0.6364313960075378,0.9498341083526611,0.13630366325378418,0.3999880254268646,0.7236142158508301,0.7887549996376038,0.9908665418624878,0.9629269242286682
296,0.0623849555850029,0.9981555938720703,0.62391197681427,0.9457888603210449,0.13660413026809692,0.4022670090198517,0.7378849387168884,0.7901937365531921,0.9901260137557983,0.9633138179779053
297,0.06223243847489357,0.9975054264068604,0.6364313960075378,0.9497795104980469,0.13560959696769714,0.4005304276943207,0.7240568399429321,0.7898101806640625,0.9908428192138672,0.9631922245025635
298,0.06211284548044205,0.9981592893600464,0.624212384223938,0.9460391998291016,0.1356915682554245,0.4021916687488556,0.7378345131874084,0.789964497089386,0.9901734590530396,0.9634464383125305
299,0.061968203634023666,0.997829020023346,0.6363529562950134,0.9498611092567444,0.13531933724880219,0.3999672830104828,0.7290688753128052,0.7918320298194885,0.9908760190010071,0.9632143378257751
300,0.06185339018702507,0.9978639483451843,0.6288394331932068,0.9496724605560303,0.1348511129617691,0.4006163477897644,0.7275403738021851,0.7918368577957153,0.9905864596366882,0.963302731513977
301,0.06176530569791794,0.9980392456054688,0.6274125576019287,0.948588490486145,0.13497604429721832,0.4031326472759247,0.7377054691314697,0.7911624908447266,0.9905009865760803,0.9635127782821655
302,0.061696603894233704,0.9977418780326843,0.6363465785980225,0.949815571308136,0.13457338511943817,0.4012592136859894,0.7240568399429321,0.7907395958900452,0.9908617734909058,0.9632364511489868
303,0.061645980924367905,0.9980392456054688,0.6243672370910645,0.9461116790771484,0.13480144739151,0.40355345606803894,0.7378849387168884,0.7919525504112244,0.9902019500732422,0.9636122584342957
304,0.06156417354941368,0.9975579977035522,0.6364313960075378,0.9498035311698914,0.13434112071990967,0.4027954936027527,0.7250593900680542,0.793048620223999,0.9908570647239685,0.9637006521224976
305,0.06153159588575363,0.9981276392936707,0.6250007748603821,0.9466267824172974,0.1347387284040451,0.4041054844856262,0.7378849387168884,0.792438268661499,0.9902399182319641,0.9636343717575073
306,0.061389826238155365,0.9973695874214172,0.6365090012550354,0.9497854709625244,0.13416263461112976,0.40233051776885986,0.7250593900680542,0.7925145030021667,0.9908380508422852,0.9635016918182373
307,0.06128353253006935,0.9981276392936707,0.6250007748603821,0.9466267824172974,0.1344502568244934,0.4046916365623474,0.7376485466957092,0.7930448055267334,0.9902399182319641,0.9639217257499695
308,0.06113804131746292,0.9976922869682312,0.636400580406189,0.9498384594917297,0.13401320576667786,0.40604475140571594,0.7360707521438599,0.7936033010482788,0.9908617734909058,0.9642091393470764
309,0.06102485582232475,0.9978731274604797,0.6351951956748962,0.9489626288414001,0.13383710384368896,0.4033902585506439,0.7274833917617798,0.795214056968689,0.99074786901474,0.9639990925788879
310,0.06093848496675491,0.9980392456054688,0.6274125576019287,0.948588490486145,0.13399383425712585,0.40652069449424744,0.7408064603805542,0.7966249585151672,0.9905009865760803,0.9643970131874084
311,0.060877181589603424,0.9976922869682312,0.6384787559509277,0.9516761302947998,0.13365700840950012,0.4033486843109131,0.7250024080276489,0.7937013506889343,0.9909377694129944,0.9639328122138977
312,0.060835033655166626,0.9980392456054688,0.6251556873321533,0.9467125535011292,0.13407522439956665,0.40505924820899963,0.7376989126205444,0.7934123277664185,0.9902731776237488,0.9640433192253113
313,0.06075713410973549,0.9974680542945862,0.6365069150924683,0.9498277306556702,0.13362345099449158,0.4031168818473816,0.7250024080276489,0.7933050990104675,0.9908570647239685,0.9639328122138977
314,0.06072322651743889,0.9980385303497314,0.6250007748603821,0.9465857148170471,0.13402435183525085,0.40550121665000916,0.7376989126205444,0.7940095067024231,0.9902351498603821,0.9642312526702881
315,0.0605892650783062,0.9974149465560913,0.6365305781364441,0.9498226642608643,0.13325847685337067,0.40391650795936584,0.7250024080276489,0.7943847179412842,0.9908522963523865,0.9642312526702881
316,0.06048768386244774,0.9980385303497314,0.6250007748603821,0.9465857148170471,0.13346128165721893,0.4076393246650696,0.7408064603805542,0.7980246543884277,0.9902351498603821,0.964794933795929
317,0.060352761298418045,0.9976934790611267,0.6385564208030701,0.9517406821250916,0.13310520350933075,0.40741491317749023,0.7360707521438599,0.7953281998634338,0.9909520149230957,0.9648170471191406
318,0.060249656438827515,0.9978487491607666,0.63526850938797,0.949012041091919,0.13287831842899323,0.40576449036598206,0.7290894389152527,0.7988349199295044,0.9907573461532593,0.9649386405944824
319,0.0601678229868412,0.9980247616767883,0.628623902797699,0.9495587348937988,0.13320058584213257,0.40847957134246826,0.7428876757621765,0.7999271154403687,0.9906339049339294,0.9650270938873291
320,0.060109082609415054,0.997603178024292,0.6401200890541077,0.9530066847801208,0.13274355232715607,0.4051402807235718,0.7250593900680542,0.7959280610084534,0.9910231828689575,0.9645407199859619
321,0.060071300715208054,0.9980392456054688,0.6251556873321533,0.9467125535011292,0.13300563395023346,0.4082617163658142,0.7431886792182922,0.8000251054763794,0.9902731776237488,0.9651044607162476
322,0.06000293046236038,0.9974693059921265,0.640423595905304,0.9531945586204529,0.13277612626552582,0.40521326661109924,0.7250593900680542,0.795967698097229,0.9910659193992615,0.9645296931266785
323,0.05998191609978676,0.9980385303497314,0.6250007748603821,0.9465857148170471,0.13303719460964203,0.4076162278652191,0.7431886792182922,0.7991921901702881,0.9902351498603821,0.9647396802902222
324,0.05986333638429642,0.9973447918891907,0.6404993534088135,0.9531988501548767,0.1325511783361435,0.40523141622543335,0.7250593900680542,0.7960009574890137,0.9910611510276794,0.9644191265106201
325,0.05978335440158844,0.9980129599571228,0.6250547766685486,0.9466197490692139,0.13289672136306763,0.4078754186630249,0.7434536218643188,0.799485981464386,0.9902399182319641,0.9647396802902222
326,0.05963742733001709,0.9975137114524841,0.6414969563484192,0.9544007778167725,0.13240231573581696,0.40772032737731934,0.7361276745796204,0.7956761121749878,0.9910849332809448,0.9646623134613037
327,0.059530869126319885,0.9978487491607666,0.63526850938797,0.949012041091919,0.13236519694328308,0.4083520472049713,0.7405386567115784,0.7986005544662476,0.9907573461532593,0.9649055004119873
328,0.059448450803756714,0.9980472922325134,0.6383308172225952,0.9517187476158142,0.13257211446762085,0.4077939987182617,0.7434536218643188,0.7994982600212097,0.9909520149230957,0.9646954536437988
329,0.05939610302448273,0.9975137114524841,0.6414969563484192,0.9544007778167725,0.13224206864833832,0.40421098470687866,0.7259454727172852,0.7953763604164124,0.9910849332809448,0.9642422795295715
330,0.05936884135007858,0.9980137348175049,0.6260104179382324,0.9474444389343262,0.1327294409275055,0.40665751695632935,0.7437546849250793,0.7984621524810791,0.9903870820999146,0.9644412398338318
331,0.059301599860191345,0.9974083304405212,0.6418053507804871,0.9546014666557312,0.13239100575447083,0.4033162295818329,0.726312518119812,0.7943572998046875,0.9911371469497681,0.9638001322746277
332,0.05926774814724922,0.9980385303497314,0.6259308457374573,0.9473307728767395,0.13266591727733612,0.4053730368614197,0.7437546849250793,0.7968637347221375,0.9903063774108887,0.9641096591949463
333,0.059152230620384216,0.9973234534263611,0.6418053507804871,0.9545648694038391,0.13235518336296082,0.40313494205474854,0.7298233509063721,0.795850396156311,0.9911229014396667,0.9639328122138977
334,0.059067439287900925,0.9980247616767883,0.6284992098808289,0.949586808681488,0.13257840275764465,0.40526166558265686,0.7437042593955994,0.7965813279151917,0.990491509437561,0.9641427993774414
335,0.058940183371305466,0.9975172281265259,0.6417462825775146,0.9546031951904297,0.1323690116405487,0.40513113141059875,0.7373808026313782,0.793128490447998,0.9911371469497681,0.9641649127006531
336,0.05884880945086479,0.9977638125419617,0.6362693905830383,0.9497676491737366,0.13251768052577972,0.4056079387664795,0.7411046028137207,0.7954167723655701,0.9908285737037659,0.9641870260238647
337,0.058775462210178375,0.99802565574646,0.6397076845169067,0.9531406760215759,0.1327596753835678,0.4051261842250824,0.7437042593955994,0.7963058352470398,0.9910231828689575,0.9640322923660278
338,0.0587209053337574,0.9975172281265259,0.6417462825775146,0.9546031951904297,0.13251525163650513,0.4019332230091095,0.7275515198707581,0.7933151721954346,0.9911371469497681,0.9638885855674744
339,0.05869172513484955,0.9980248808860779,0.6272217631340027,0.9484258890151978,0.1330210417509079,0.40449580550193787,0.7437546849250793,0.7956748604774475,0.9905247688293457,0.9639769792556763
340,0.058638837188482285,0.9973482489585876,0.6418864130973816,0.9546422958374023,0.13276109099388123,0.4012949764728546,0.7268784642219543,0.7921423316001892,0.9911418557167053,0.9634575247764587
341,0.05862646922469139,0.9980136156082153,0.6274456977844238,0.9488815665245056,0.13322146236896515,0.404194712638855,0.7437546849250793,0.7952936291694641,0.9904108047485352,0.9638222455978394
342,0.0585346445441246,0.9972272515296936,0.6418864130973816,0.9545879364013672,0.13280056416988373,0.4020814597606659,0.7303892374038696,0.7947242856025696,0.9911181330680847,0.9637338519096375
343,0.05849359557032585,0.998024046421051,0.629650354385376,0.9508497714996338,0.13322611153125763,0.4040849506855011,0.7437546849250793,0.7950910329818726,0.9905152320861816,0.9638222455978394
344,0.05833427608013153,0.9973554611206055,0.6419133543968201,0.9546671509742737,0.1326906681060791,0.40450453758239746,0.7379467487335205,0.7927239537239075,0.9911466240882874,0.9640544056892395
345,0.05822569504380226,0.9977673888206482,0.637732207775116,0.9512699246406555,0.13248854875564575,0.4051676392555237,0.7431288361549377,0.7958958745002747,0.9909235239028931,0.964131772518158
346,0.05814795568585396,0.9977924823760986,0.6414516568183899,0.9544873833656311,0.1322316974401474,0.4040246605873108,0.7437042593955994,0.7949678897857666,0.9910991191864014,0.9638664722442627
347,0.05810218304395676,0.9974235892295837,0.6418542265892029,0.9546510577201843,0.13134218752384186,0.4030327796936035,0.7281174063682556,0.7951051592826843,0.9911418557167053,0.9641870260238647
348,0.05808894336223602,0.9980248808860779,0.628527820110321,0.9498156905174255,0.131424680352211,0.4061429500579834,0.7437546849250793,0.797752320766449,0.9905864596366882,0.96445232629776
349,0.05803272873163223,0.9972395300865173,0.6419133543968201,0.9546156525611877,0.13099150359630585,0.40468403697013855,0.7272313237190247,0.7964164018630981,0.991127610206604,0.9646623134613037
350,0.05798841267824173,0.9980283975601196,0.6277632117271423,0.9491478800773621,0.13106127083301544,0.40838345885276794,0.7437546849250793,0.800544798374176,0.990486741065979,0.9652370810508728
351,0.057880353182554245,0.9973131418228149,0.6419133543968201,0.9546484351158142,0.13056215643882751,0.4072650372982025,0.7324135303497314,0.8020283579826355,0.9911418557167053,0.9653807878494263
352,0.05780259892344475,0.9979690909385681,0.6315584182739258,0.9524273872375488,0.1305798888206482,0.4097196161746979,0.7436473369598389,0.8017438054084778,0.9906671643257141,0.9655244946479797
353,0.05769280344247818,0.9974575042724609,0.6418542265892029,0.9546660780906677,0.13008980453014374,0.41157716512680054,0.7436054944992065,0.8040245771408081,0.9911466240882874,0.9660992622375488
354,0.05761347711086273,0.9977109432220459,0.6418112516403198,0.9547407031059265,0.13002492487430573,0.41214582324028015,0.7430719137191772,0.8041938543319702,0.99117511510849,0.966132402420044
355,0.05755600333213806,0.997967004776001,0.6414516568183899,0.9545669555664062,0.1300787776708603,0.4109220802783966,0.7436473369598389,0.8031238913536072,0.991132378578186,0.9658118486404419
356,0.057507146149873734,0.9974576830863953,0.6418929696083069,0.9546968936920166,0.12974706292152405,0.4090469181537628,0.7312182784080505,0.8036997318267822,0.9911561012268066,0.9658339619636536
357,0.05748073384165764,0.9979690909385681,0.6308875679969788,0.95188307762146,0.12998928129673004,0.41141757369041443,0.7437394857406616,0.8040222525596619,0.9907099008560181,0.9659997820854187
358,0.05744325369596481,0.9973176717758179,0.642069399356842,0.9547755718231201,0.12962816655635834,0.409094899892807,0.7303323149681091,0.8031032681465149,0.99117511510849,0.9657455682754517
359,0.057450972497463226,0.9979690909385681,0.6300521492958069,0.9511555433273315,0.12993209064006805,0.4106000065803528,0.7438303232192993,0.8029401302337646,0.9905959367752075,0.9657897353172302
360,0.057380370795726776,0.9971752166748047,0.642122745513916,0.9547531008720398,0.1295008808374405,0.40998974442481995,0.7303323149681091,0.804061233997345,0.9911608695983887,0.965911328792572
361,0.057378511875867844,0.9980311989784241,0.6298779845237732,0.9510392546653748,0.1295439749956131,0.41133061051368713,0.7438303232192993,0.8037810921669006,0.9905627369880676,0.9659224152565002
362,0.05719679966568947,0.997205913066864,0.642122745513916,0.9547668695449829,0.1291760504245758,0.41269969940185547,0.7433044910430908,0.8049516081809998,0.9911655783653259,0.9663424491882324
363,0.05707492679357529,0.9977109432220459,0.6417726874351501,0.9547092914581299,0.12918975949287415,0.41275203227996826,0.743354856967926,0.8051066994667053,0.9911655783653259,0.9663645625114441
364,0.0570051334798336,0.9976497292518616,0.6417726874351501,0.9546819925308228,0.12922143936157227,0.4119064509868622,0.7437394857406616,0.8044578433036804,0.9911608695983887,0.9661102890968323
365,0.05697835609316826,0.9973592162132263,0.642069399356842,0.9547942876815796,0.1289973109960556,0.4093899428844452,0.7311679720878601,0.8038952350616455,0.9911798238754272,0.9659555554389954
366,0.05698355659842491,0.997943639755249,0.6309955716133118,0.9519606828689575,0.12926910817623138,0.41175737977027893,0.7447695732116699,0.8047928214073181,0.9907241463661194,0.9660550355911255
367,0.05692095682024956,0.9971988201141357,0.6427794098854065,0.9553415775299072,0.12876029312610626,0.4097648859024048,0.7312182784080505,0.8043305277824402,0.991217851638794,0.9659997820854187
368,0.056851912289857864,0.997943639755249,0.6309955716133118,0.9519606828689575,0.1290571689605713,0.4115060865879059,0.7437394857406616,0.8039112687110901,0.9907241463661194,0.965977668762207
369,0.05673733726143837,0.9973238110542297,0.642069399356842,0.9547784328460693,0.12884248793125153,0.4125979244709015,0.7433225512504578,0.8048750758171082,0.99117511510849,0.9662208557128906
370,0.05665571615099907,0.9978117346763611,0.6417602896690369,0.954749345779419,0.12871810793876648,0.41251781582832336,0.7436054944992065,0.8049494028091431,0.9911655783653259,0.9662982225418091
371,0.05658877268433571,0.9974972009658813,0.6419462561607361,0.9547571539878845,0.1288232058286667,0.41191840171813965,0.74462890625,0.8048371076583862,0.991170346736908,0.9661434888839722
372,0.056537892669439316,0.9973682165145874,0.6426857113838196,0.9553430080413818,0.12867994606494904,0.4124874472618103,0.7442624568939209,0.8051143884658813,0.9912225604057312,0.9662982225418091
373,0.05650973692536354,0.997967004776001,0.6424357295036316,0.9554088115692139,0.1288526952266693,0.4110528528690338,0.7447291612625122,0.8038830161094666,0.9912462830543518,0.9658560752868652
374,0.05647572875022888,0.9972948431968689,0.6427639126777649,0.9553728699684143,0.1286870241165161,0.40917643904685974,0.7332459688186646,0.8045945763587952,0.9912320971488953,0.9658118486404419
375,0.056478407233953476,0.9979690909385681,0.6324228644371033,0.9531821012496948,0.12896372377872467,0.4104975163936615,0.7448199987411499,0.8034000992774963,0.9907573461532593,0.9657344818115234
376,0.056420616805553436,0.9972532391548157,0.642895519733429,0.9554576873779297,0.12849706411361694,0.4093068540096283,0.7302818894386292,0.8033531308174133,0.9912558197975159,0.9658229351043701
377,0.05641299858689308,0.9979690909385681,0.6301871538162231,0.9512662291526794,0.12882739305496216,0.410851389169693,0.7451617121696472,0.8040264248847961,0.9906196594238281,0.9659003019332886
378,0.05629725009202957,0.9972532391548157,0.6431764960289001,0.9556877017021179,0.12836334109306335,0.4122718870639801,0.7441105246543884,0.8049257397651672,0.9913127422332764,0.9663092494010925
379,0.05620388686656952,0.9979695677757263,0.6423100829124451,0.9553080201148987,0.12847861647605896,0.4116551876068115,0.7447761297225952,0.8047887682914734,0.9912273287773132,0.9662318825721741
380,0.05609821528196335,0.9974074959754944,0.6427581310272217,0.9554185271263123,0.1285233050584793,0.410548597574234,0.7446839213371277,0.8033425807952881,0.9912462830543518,0.9659334421157837
381,0.056034475564956665,0.9974786639213562,0.6427042484283447,0.9554075598716736,0.12841489911079407,0.41112348437309265,0.7445936799049377,0.8038380742073059,0.9912462830543518,0.9660550355911255
382,0.05600506067276001,0.9979074597358704,0.642669677734375,0.9555692672729492,0.12868574261665344,0.4101742208003998,0.7451112866401672,0.8031730055809021,0.9913080334663391,0.9657787084579468
383,0.05598443001508713,0.9972970485687256,0.6430981755256653,0.9556457996368408,0.12835755944252014,0.40820667147636414,0.7333029508590698,0.8036370873451233,0.9913032650947571,0.9656128883361816
384,0.05599871277809143,0.997943639755249,0.6324498653411865,0.9531928896903992,0.12863753736019135,0.40945443511009216,0.7456066608428955,0.802801787853241,0.9907573461532593,0.9657565951347351
385,0.05594722926616669,0.9972532391548157,0.6434741020202637,0.9559221863746643,0.1283879429101944,0.4083280563354492,0.7333029508590698,0.8038412928581238,0.9913697242736816,0.9656792283058167
386,0.05594493821263313,0.9979690909385681,0.6324498653411865,0.9532040357589722,0.12864111363887787,0.408490926027298,0.7451617121696472,0.801425576210022,0.9907621145248413,0.9654029011726379
387,0.05580652877688408,0.9972532391548157,0.6431764960289001,0.9556877017021179,0.12826234102249146,0.4104490280151367,0.7445936799049377,0.8032161593437195,0.9913127422332764,0.9658118486404419
388,0.05570806562900543,0.9977136254310608,0.642669677734375,0.9554817080497742,0.12846487760543823,0.40838396549224854,0.7447847723960876,0.8010133504867554,0.9912700653076172,0.9653586745262146
389,0.05562432482838631,0.9974803924560547,0.6427421569824219,0.9554380774497986,0.12845483422279358,0.4075096845626831,0.7447761297225952,0.7999458909034729,0.9912558197975159,0.965115487575531
390,0.05558183044195175,0.9973275661468506,0.6427968740463257,0.9554136395454407,0.12826736271381378,0.4092782139778137,0.744310736656189,0.8015862107276917,0.9912462830543518,0.9655134081840515
391,0.05557630956172943,0.9979061484336853,0.642483651638031,0.9554197192192078,0.12878458201885223,0.4060046970844269,0.7456066608428955,0.7986286282539368,0.9912510514259338,0.9649165272712708
392,0.055556900799274445,0.9972993731498718,0.6434431076049805,0.9559194445610046,0.12846092879772186,0.4047556519508362,0.7341272234916687,0.799996018409729,0.9913697242736816,0.9647396802902222
393,0.05555669963359833,0.997943639755249,0.6332852840423584,0.9539203643798828,0.12882652878761292,0.4059005081653595,0.7456066608428955,0.798380970954895,0.9908713102340698,0.964706540107727
394,0.05548176169395447,0.9972532391548157,0.6434741020202637,0.9559221863746643,0.12853026390075684,0.40474334359169006,0.7333945631980896,0.7993713021278381,0.9913697242736816,0.9645959734916687
395,0.05545005574822426,0.9979223608970642,0.6325169801712036,0.9532389044761658,0.12867654860019684,0.4066813886165619,0.7456066608428955,0.7992683053016663,0.9907715916633606,0.9648391604423523
396,0.05532337352633476,0.9973074197769165,0.6434741020202637,0.9559468626976013,0.12853291630744934,0.4080362915992737,0.7450191378593445,0.8004063963890076,0.9913792014122009,0.9652149677276611
397,0.05523563548922539,0.9975143074989319,0.6430231332778931,0.9556832909584045,0.1285683512687683,0.40788277983665466,0.7450191378593445,0.8002175092697144,0.9913175106048584,0.965181827545166
398,0.0551813542842865,0.9975143074989319,0.6430231332778931,0.9556832909584045,0.1285969316959381,0.4071688950061798,0.745060920715332,0.7994571924209595,0.9913175106048584,0.9649828672409058
399,0.05515355244278908,0.9973307251930237,0.6431561708450317,0.955707311630249,0.1285693347454071,0.4082554876804352,0.744685709476471,0.8003618717193604,0.9913222789764404,0.965181827545166
400,0.055147357285022736,0.9978544116020203,0.6427991986274719,0.9556583762168884,0.12883633375167847,0.4064444899559021,0.7455562949180603,0.7989247441291809,0.9913080334663391,0.964794933795929
401,0.055117446929216385,0.9973002076148987,0.6434741020202637,0.9559440016746521,0.1285141557455063,0.40720248222351074,0.7413129806518555,0.7972316741943359,0.9913792014122009,0.9648281335830688
402,0.05511109530925751,0.9979768395423889,0.6397777199745178,0.9532862305641174,0.12827499210834503,0.40648242831230164,0.7455562949180603,0.7989653944969177,0.9910611510276794,0.964794933795929
403,0.055039696395397186,0.9972243905067444,0.6434741020202637,0.9559091329574585,0.12740644812583923,0.40831995010375977,0.7413533926010132,0.7987643480300903,0.9913650155067444,0.9652039408683777
404,0.05499788373708725,0.9979768991470337,0.6397932171821594,0.9532989263534546,0.12740731239318848,0.4088255763053894,0.7456235885620117,0.8020683526992798,0.9910659193992615,0.9655023813247681
405,0.054898131638765335,0.9972794055938721,0.6434773802757263,0.9559373259544373,0.12652049958705902,0.4130268394947052,0.7450191378593445,0.806492269039154,0.9913744926452637,0.9667513966560364
406,0.054821643978357315,0.9976829886436462,0.6430541276931763,0.9557843804359436,0.126385897397995,0.4130144715309143,0.744962215423584,0.8063818216323853,0.9913602471351624,0.9666519165039062
407,0.05475636199116707,0.9974483251571655,0.6431013941764832,0.9557157754898071,0.1263958215713501,0.4126550257205963,0.744962215423584,0.8059402704238892,0.9913269877433777,0.9665635228157043
408,0.054716113954782486,0.9974037408828735,0.6431400179862976,0.9557269811630249,0.12609101831912994,0.41419145464897156,0.7449117302894592,0.8076205253601074,0.9913317561149597,0.96699458360672
409,0.0546962209045887,0.9977874159812927,0.6429852247238159,0.9557754397392273,0.1263277381658554,0.41253408789634705,0.7455666661262512,0.8062134385108948,0.9913554787635803,0.9666076898574829
410,0.05467875301837921,0.9973012804985046,0.6434773802757263,0.9559475183486938,0.12605156004428864,0.41387659311294556,0.7415471076965332,0.8053253889083862,0.9913792014122009,0.9667292833328247
411,0.05470581725239754,0.9979768991470337,0.6399667859077454,0.9534396529197693,0.1262817680835724,0.41253161430358887,0.7457172870635986,0.806331992149353,0.9910991191864014,0.966585636138916
412,0.054689645767211914,0.9971771240234375,0.6436086297035217,0.9559972882270813,0.12603770196437836,0.4103826582431793,0.7336628437042236,0.8062573075294495,0.991388738155365,0.9664419293403625
413,0.05476686730980873,0.9979783892631531,0.6326585412025452,0.9533821940422058,0.1262078583240509,0.41189339756965637,0.7457172870635986,0.8056308627128601,0.9908048510551453,0.9664198160171509
414,0.05461595952510834,0.9968694448471069,0.6436086297035217,0.9558601975440979,0.12558840215206146,0.41476717591285706,0.744962215423584,0.8082441091537476,0.9913317561149597,0.9671382904052734
415,0.05450397729873657,0.9977490901947021,0.6430541276931763,0.9558088183403015,0.12587663531303406,0.4123666286468506,0.745345413684845,0.8058077096939087,0.9913602471351624,0.9665966629981995
416,0.05438078194856644,0.9974247217178345,0.6433990001678467,0.9559394717216492,0.1256028711795807,0.41310468316078186,0.7453871369361877,0.8067859411239624,0.9913792014122009,0.9667956233024597
417,0.05433949828147888,0.9973072409629822,0.6434537768363953,0.9559309482574463,0.125410795211792,0.4150353968143463,0.7448499798774719,0.8084508776664734,0.9913744926452637,0.9672819972038269
418,0.05436566844582558,0.9979149103164673,0.6429852247238159,0.9558302164077759,0.12572866678237915,0.4124873876571655,0.7455552816390991,0.8062246441841125,0.9913744926452637,0.9667292833328247
419,0.05436107888817787,0.9971532225608826,0.6435132026672363,0.9559080600738525,0.12521308660507202,0.41507214307785034,0.7442759275436401,0.8081077933311462,0.9913602471351624,0.9671714305877686
420,0.05434393137693405,0.9979768395423889,0.6426100730895996,0.9555566906929016,0.1254691779613495,0.41312646865844727,0.7454375624656677,0.8068504929542542,0.9912890195846558,0.9668177366256714
421,0.05423060432076454,0.9972243905067444,0.6434741020202637,0.9559091329574585,0.12522320449352264,0.4142976403236389,0.7449004054069519,0.8076967000961304,0.9913650155067444,0.9670388102531433
422,0.05414897948503494,0.9976723194122314,0.6430231332778931,0.955754816532135,0.12492014467716217,0.4145200848579407,0.7453871369361877,0.808291494846344,0.9913507699966431,0.9672377705574036
423,0.05407969281077385,0.9973811507225037,0.6434537768363953,0.9559639096260071,0.12491608411073685,0.41475510597229004,0.7453952431678772,0.8085879683494568,0.991388738155365,0.9673040509223938
424,0.054038915783166885,0.9973832964897156,0.6435330510139465,0.9560310244560242,0.12490229308605194,0.4148789942264557,0.7449004054069519,0.8083553910255432,0.9914076924324036,0.9672819972038269
425,0.05402669683098793,0.9976745843887329,0.6430703997612,0.9557937979698181,0.12485993653535843,0.4144766926765442,0.7455547451972961,0.8083455562591553,0.9913602471351624,0.9671825170516968
426,0.05401301383972168,0.9972578287124634,0.6435881853103638,0.9560183882713318,0.12475600838661194,0.4147043824195862,0.7414853572845459,0.8061904311180115,0.9913982152938843,0.9669724702835083
427,0.05402529984712601,0.9978190064430237,0.6399667859077454,0.9533720016479492,0.1249757781624794,0.41336506605148315,0.7456669211387634,0.8071865439414978,0.9910753965377808,0.9668398499488831
428,0.05395335704088211,0.9971771240234375,0.6436086297035217,0.9559972882270813,0.12450645118951797,0.41521087288856506,0.7449004054069519,0.8086780309677124,0.991388738155365,0.9674035310745239
429,0.053909070789813995,0.9978246688842773,0.6430541276931763,0.9558466076850891,0.12449463456869125,0.41470667719841003,0.7453871369361877,0.8085270524024963,0.9913792014122009,0.9672819972038269
430,0.053828854113817215,0.9972215294837952,0.6434692740440369,0.955903947353363,0.12437421083450317,0.4152516722679138,0.745345413684845,0.8090222477912903,0.9913650155067444,0.9675140976905823
431,0.053763508796691895,0.9977157711982727,0.6434144973754883,0.9560829401016235,0.12428134679794312,0.4151242673397064,0.745345413684845,0.8088853359222412,0.9914361834526062,0.9674367308616638
432,0.05370672792196274,0.9973930716514587,0.6434531807899475,0.9559669494628906,0.12422867864370346,0.4148668050765991,0.745345413684845,0.8086244463920593,0.991388738155365,0.9673372507095337
433,0.053671564906835556,0.9973483681678772,0.6434531807899475,0.9559473395347595,0.12428656965494156,0.41512662172317505,0.745345413684845,0.8088659048080444,0.991383969783783,0.967381477355957
434,0.05365362390875816,0.9977052211761475,0.6433990001678467,0.9560657739639282,0.12446025013923645,0.41431012749671936,0.7455547451972961,0.8081924319267273,0.991431474685669,0.9671493172645569
435,0.0536377988755703,0.9972845315933228,0.6435881853103638,0.9560297131538391,0.12418501824140549,0.41524118185043335,0.7449004054069519,0.808696985244751,0.9914029836654663,0.967381477355957
436,0.053660109639167786,0.9978525638580322,0.6430541276931763,0.9558597803115845,0.12437645345926285,0.4138767719268799,0.745876669883728,0.8079299926757812,0.991383969783783,0.9670830368995667
437,0.053669191896915436,0.9971386194229126,0.6437371969223022,0.9560827016830444,0.12428764253854752,0.4121018350124359,0.7336514592170715,0.8081616163253784,0.9914076924324036,0.9669503569602966
438,0.05380856245756149,0.9979549646377563,0.6327273845672607,0.9534273743629456,0.12434888631105423,0.41405123472213745,0.7461734414100647,0.8083911538124084,0.9908190965652466,0.9671382904052734
439,0.05362018942832947,0.9965295195579529,0.6438497304916382,0.9558971524238586,0.12391303479671478,0.4151214361190796,0.7449004054069519,0.8086093664169312,0.9913554787635803,0.967381477355957
440,0.05351496487855911,0.997640073299408,0.6431013941764832,0.9557983875274658,0.12395014613866806,0.41489455103874207,0.7454289197921753,0.8087276220321655,0.9913554787635803,0.9674256443977356
441,0.053415101021528244,0.9973703026771545,0.6434304714202881,0.9559385180473328,0.12392660230398178,0.41461122035980225,0.7453871369361877,0.8084310293197632,0.9913792014122009,0.9672709107398987
442,0.053367730230093,0.9972215294837952,0.6434692740440369,0.955903947353363,0.12378568202257156,0.4154355227947235,0.7449004054069519,0.80888432264328,0.9913650155067444,0.9674809575080872
443,0.05337014049291611,0.9978304505348206,0.6430541276931763,0.9558469653129578,0.12401358038187027,0.4136713743209839,0.745876669883728,0.8076839447021484,0.991383969783783,0.9670940637588501
444,0.05337526276707649,0.9971361756324768,0.6436989903450012,0.9560508131980896,0.12382371723651886,0.41529980301856995,0.7449004054069519,0.8087710738182068,0.9913982152938843,0.9674367308616638
445,0.053360261023044586,0.997763991355896,0.6430231332778931,0.955793559551239,0.12404712289571762,0.41398343443870544,0.7456249594688416,0.8079285621643066,0.9913650155067444,0.9671493172645569
446,0.05324993655085564,0.9972534775733948,0.6436390280723572,0.9560567736625671,0.12379364669322968,0.4146433472633362,0.7453952431678772,0.808476984500885,0.9914076924324036,0.9673261642456055
447,0.053175222128629684,0.9976832866668701,0.6434944272041321,0.9561355710029602,0.12390659749507904,0.413228839635849,0.7456116676330566,0.8071172833442688,0.9914504289627075,0.96699458360672
448,0.05314553901553154,0.9972546100616455,0.6435881853103638,0.9560168981552124,0.12395794689655304,0.4134961664676666,0.7456401586532593,0.8074374198913574,0.9913982152938843,0.9670277237892151
449,0.05310232192277908,0.9973264336585999,0.6436230540275574,0.9560763835906982,0.12387385964393616,0.41332322359085083,0.7454522252082825,0.8070843815803528,0.9914172291755676,0.9669614434242249
450,0.053049761801958084,0.9976295828819275,0.6435099244117737,0.9561235904693604,0.12396147847175598,0.41258400678634644,0.7456116676330566,0.8064697980880737,0.9914456605911255,0.9667624831199646
451,0.05303589627146721,0.9972546100616455,0.6435881853103638,0.9560168981552124,0.12392652779817581,0.4133749306201935,0.7454522252082825,0.8072295784950256,0.9913982152938843,0.9670166969299316
452,0.05305270850658417,0.9976544976234436,0.6435099244117737,0.9561346173286438,0.12413033097982407,0.41147398948669434,0.7457996010780334,0.8053315281867981,0.9914504289627075,0.9665082097053528
453,0.05301820859313011,0.9971802234649658,0.6437007784843445,0.9560734033584595,0.12373945862054825,0.4142029881477356,0.7454023361206055,0.8079479336738586,0.9914076924324036,0.9673372507095337
454,0.05304086580872536,0.9978904128074646,0.6434144973754883,0.9561614990234375,0.12411822378635406,0.41397029161453247,0.7506279349327087,0.8018131256103516,0.9914599061012268,0.9666408896446228
455,0.05301487073302269,0.996707558631897,0.6492881774902344,0.9543676376342773,0.12372384965419769,0.4140489995479584,0.7449573874473572,0.8074693083763123,0.9914551973342896,0.967248797416687
456,0.05302625894546509,0.9979227185249329,0.6430696249008179,0.9559004306793213,0.12373199313879013,0.4149407148361206,0.7507717609405518,0.8029764890670776,0.9913982152938843,0.96699458360672
457,0.052906036376953125,0.9967371821403503,0.6493498086929321,0.9544532299041748,0.12346170842647552,0.4123148024082184,0.7454023361206055,0.8057754635810852,0.9914646744728088,0.9668840765953064
458,0.05281051993370056,0.9977466464042664,0.6434144973754883,0.9560935497283936,0.12359225749969482,0.411745548248291,0.7455651760101318,0.8051976561546326,0.9914409518241882,0.9666298031806946
459,0.05273594707250595,0.997349202632904,0.6435307860374451,0.956034243106842,0.12354598194360733,0.41168493032455444,0.7458029389381409,0.8051183223724365,0.9913934469223022,0.9666187763214111
460,0.052711907774209976,0.9973573088645935,0.6437005400657654,0.956176221370697,0.12344592064619064,0.411567747592926,0.7453378438949585,0.8045984506607056,0.991431474685669,0.966519296169281
461,0.05272296443581581,0.9977052807807922,0.6434144973754883,0.9560779929161072,0.12369582056999207,0.4100400507450104,0.7460129261016846,0.8033992648124695,0.9914361834526062,0.966132402420044
462,0.05272353067994118,0.9967318177223206,0.6437987089157104,0.95597243309021,0.12337691336870193,0.41188040375709534,0.7413700819015503,0.8025918006896973,0.9913697242736816,0.9662982225418091
463,0.052761975675821304,0.9979447722434998,0.6396839022636414,0.9531433582305908,0.12354645878076553,0.4107949137687683,0.7460129261016846,0.8040529489517212,0.9911133646965027,0.9662429690361023
464,0.05266077443957329,0.9966649413108826,0.6437605023384094,0.9559130072593689,0.12328577786684036,0.4122236371040344,0.7453876733779907,0.8050804138183594,0.9913507699966431,0.9665524363517761
465,0.052591562271118164,0.9977180361747742,0.6434944272041321,0.956148087978363,0.12334153056144714,0.414480596780777,0.7503031492233276,0.801383912563324,0.9914551973342896,0.9665635228157043
466,0.05251366272568703,0.9973340034484863,0.6491335034370422,0.9545294046401978,0.12315496802330017,0.4119376242160797,0.7453876733779907,0.8047956228256226,0.9915026426315308,0.9664419293403625
467,0.05247265473008156,0.9973264336585999,0.6435485482215881,0.9560170769691467,0.12324492633342743,0.41217848658561707,0.7453876733779907,0.8050175309181213,0.9914029836654663,0.9664971828460693
468,0.05245843902230263,0.9976295828819275,0.6435099244117737,0.9561235904693604,0.12261447310447693,0.41387543082237244,0.7458186745643616,0.8076509237289429,0.9914456605911255,0.9670498371124268
469,0.05245465040206909,0.9969083666801453,0.643678605556488,0.9559312462806702,0.12232206016778946,0.4163680076599121,0.7453876733779907,0.8101514577865601,0.991383969783783,0.9677351713180542
470,0.052473366260528564,0.9976844191551208,0.6435099244117737,0.9561474323272705,0.12230599671602249,0.4184616208076477,0.7507072687149048,0.8066233992576599,0.9914551973342896,0.9678235650062561
471,0.0524483285844326,0.9968263506889343,0.6493879556655884,0.9545225501060486,0.1217174232006073,0.418452650308609,0.7452808618545532,0.8123437762260437,0.9914883971214294,0.9682546854019165
472,0.05245641991496086,0.9979536533355713,0.6434144973754883,0.9561871886253357,0.12171293050050735,0.4200819432735443,0.7506502866744995,0.8082501888275146,0.9914694428443909,0.9681330919265747
473,0.052381694316864014,0.9967827796936035,0.6493879556655884,0.954505205154419,0.12132987380027771,0.41895022988319397,0.7452808618545532,0.8128448128700256,0.9914836883544922,0.9683430790901184
474,0.052343230694532394,0.9978099465370178,0.6434144973754883,0.9561225771903992,0.12137840688228607,0.4179038405418396,0.7459559440612793,0.8122632503509521,0.9914504289627075,0.9681330919265747
475,0.05223691090941429,0.9967967867851257,0.6438348293304443,0.9560303092002869,0.12110114097595215,0.41845405101776123,0.7455580830574036,0.8125527501106262,0.9913934469223022,0.9682325720787048
476,0.052178990095853806,0.997402012348175,0.6436260938644409,0.9561365246772766,0.12107826769351959,0.4185761511325836,0.7455082535743713,0.8126676678657532,0.9914219379425049,0.9683209657669067
477,0.052162621170282364,0.9975612163543701,0.6434920430183411,0.9560996890068054,0.12108069658279419,0.4180827736854553,0.7459055185317993,0.8124885559082031,0.9914219379425049,0.9682325720787048
478,0.05215812474489212,0.9969415068626404,0.6437783241271973,0.9560505151748657,0.12081971764564514,0.41902193427085876,0.7452808618545532,0.8129341006278992,0.9914029836654663,0.9684646725654602
479,0.05217887461185455,0.9976823925971985,0.6434144973754883,0.9560678601264954,0.1210004985332489,0.4205795228481293,0.7506502866744995,0.8088505268096924,0.991431474685669,0.9682435989379883
480,0.052163273096084595,0.9967960119247437,0.6494499444961548,0.9545552730560303,0.12087971717119217,0.4188656508922577,0.7453307509422302,0.8128075003623962,0.9915026426315308,0.9684646725654602
481,0.05218098312616348,0.997816801071167,0.6435099244117737,0.9562053084373474,0.1208520233631134,0.4205746054649353,0.7508906126022339,0.808971107006073,0.9914741516113281,0.9682546854019165
482,0.05211642384529114,0.9966741800308228,0.6499296426773071,0.9548804759979248,0.12069898098707199,0.41900864243507385,0.7453307509422302,0.8129283785820007,0.9915359020233154,0.9684757590293884
483,0.05207120254635811,0.9977813959121704,0.6435099244117737,0.9561893343925476,0.12076851725578308,0.4204709529876709,0.7505999207496643,0.8086537718772888,0.9914694428443909,0.9682657122612
484,0.05197427049279213,0.9968128204345703,0.6493675112724304,0.9545031785964966,0.12051830440759659,0.4183478355407715,0.7457460165023804,0.8125089406967163,0.9914836883544922,0.96839839220047
485,0.05190868303179741,0.9975692629814148,0.6436617970466614,0.9562416076660156,0.12043318897485733,0.4181092381477356,0.7457460165023804,0.8122043609619141,0.9914599061012268,0.9683430790901184
486,0.051870640367269516,0.9975694417953491,0.6437005400657654,0.9562724828720093,0.12059082835912704,0.4202541708946228,0.7505077123641968,0.8082799315452576,0.9914694428443909,0.9683209657669067
487,0.05185949429869652,0.9970182776451111,0.6492568254470825,0.9545080661773682,0.1204712986946106,0.4181043803691864,0.7453307509422302,0.8118977546691895,0.9914931654930115,0.9682989120483398
488,0.0518747977912426,0.9976270794868469,0.6435099244117737,0.9561213850975037,0.12052926421165466,0.4198998510837555,0.7508402466773987,0.8081469535827637,0.9914456605911255,0.9682104587554932
489,0.05188428983092308,0.9967600107192993,0.6499091982841492,0.9549018144607544,0.12053348869085312,0.4178507328033447,0.741362988948822,0.8094122409820557,0.9915453791618347,0.9680336117744446
490,0.05196710303425789,0.9979032278060913,0.6398420333862305,0.953253984451294,0.12067052721977234,0.41940924525260925,0.7508906126022339,0.8077213168144226,0.9911418557167053,0.9680557250976562
491,0.051917482167482376,0.996553897857666,0.6499532461166382,0.9548441171646118,0.12040141224861145,0.4181760847568512,0.7427999377250671,0.8105882406234741,0.9915168881416321,0.9681330919265747
492,0.05193270370364189,0.9978963732719421,0.6411576271057129,0.9543062448501587,0.12045644223690033,0.41950809955596924,0.7509399056434631,0.8078318238258362,0.9912320971488953,0.9681330919265747
493,0.051777325570583344,0.9966853857040405,0.6499664783477783,0.9549159407615662,0.12023482471704483,0.41771045327186584,0.7455580830574036,0.8117417693138123,0.9915453791618347,0.9681883454322815
494,0.051684871315956116,0.9974694848060608,0.6436260938644409,0.9561645984649658,0.12023473531007767,0.42038965225219727,0.7503899931907654,0.8083286881446838,0.991431474685669,0.968332052230835
495,0.051638707518577576,0.9974310398101807,0.6491562724113464,0.9546146988868713,0.12026333063840866,0.4192679524421692,0.7509399056434631,0.8075805902481079,0.99151211977005,0.9680888652801514
496,0.05163208022713661,0.9968404173851013,0.6499664783477783,0.954983115196228,0.12007535994052887,0.4179977476596832,0.7453307509422302,0.8118853569030762,0.9915691018104553,0.9682989120483398
497,0.05167176201939583,0.9977430701255798,0.6435099244117737,0.9561712741851807,0.12036829441785812,0.419404536485672,0.7509399056434631,0.8077204823493958,0.9914646744728088,0.9680888652801514
498,0.05165921151638031,0.9967964291572571,0.6499900817871094,0.9549826979637146,0.12006819248199463,0.4178776443004608,0.7453307509422302,0.811774730682373,0.9915691018104553,0.9682657122612
499,0.05160500854253769,0.9977125525474548,0.6435099244117737,0.9561582803726196,0.12007215619087219,0.4196985065937042,0.7508402466773987,0.8080657720565796,0.9914599061012268,0.9681883454322815
500,0.05151988938450813,0.9968914985656738,0.6499091982841492,0.9549604058265686,0.12003454566001892,0.42013871669769287,0.7503899931907654,0.808121383190155,0.9915691018104553,0.9682989120483398
