iteration,train_loss,train_precision,train_recall,train_F1,test_loss,test_precision,test_recall,test_F1,train_accuracy,test_accuracy
1,0.6921079754829407,0.0746627151966095,1.0,0.1646183431148529,0.6906651258468628,0.0741792842745781,1.0,0.18124458193778992,0.07466746121644974,0.0741792842745781
2,0.6907222270965576,0.0746627151966095,1.0,0.1646183431148529,0.6893191337585449,0.0741792842745781,1.0,0.18124458193778992,0.0746627151966095,0.0741792842745781
3,0.6893951892852783,0.0746632069349289,1.0,0.16461941599845886,0.6879602074623108,0.0741792842745781,1.0,0.18124458193778992,0.07467696070671082,0.0741792842745781
4,0.6880106329917908,0.07466349750757217,1.0,0.16462013125419617,0.6865398287773132,0.0741792842745781,1.0,0.18124458193778992,0.07469119876623154,0.0741792842745781
5,0.686694860458374,0.07466322928667068,1.0,0.16461946070194244,0.6850162744522095,0.0741792842745781,1.0,0.18124458193778992,0.07471493631601334,0.0741792842745781
6,0.6851455569267273,0.07466363161802292,1.0,0.16462038457393646,0.6833406686782837,0.0741792842745781,1.0,0.18124458193778992,0.0747101902961731,0.0741792842745781
7,0.6834251880645752,0.07466443628072739,1.0,0.1646222323179245,0.6814607381820679,0.07417929917573929,1.0,0.1812446266412735,0.0747813954949379,0.07419034093618393
8,0.6816240549087524,0.07466292381286621,1.0,0.1646188646554947,0.6793186068534851,0.07417938858270645,1.0,0.1812448799610138,0.0748288631439209,0.07423455268144608
9,0.6795174479484558,0.0746617391705513,0.9999813437461853,0.16461630165576935,0.6768472790718079,0.07417979091405869,1.0,0.1812460571527481,0.07500451058149338,0.07444456964731216
10,0.6770750284194946,0.07467207312583923,1.0,0.1646386831998825,0.6739669442176819,0.07418124377727509,1.0,0.18125025928020477,0.07550295442342758,0.07510776817798615
11,0.6742055416107178,0.07467853277921677,0.9919204711914062,0.1659633070230484,0.6705853939056396,0.07418966293334961,1.0,0.18127237260341644,0.0764903575181961,0.07622416317462921
12,0.6708102226257324,0.07470360398292542,0.9996518492698669,0.16469953954219818,0.6665923595428467,0.07421768456697464,1.0,0.18134449422359467,0.07818982750177383,0.07830219715833664
13,0.6668671369552612,0.0747215524315834,0.989899218082428,0.16600124537944794,0.6618602871894836,0.07418231666088104,0.9893761873245239,0.182821124792099,0.08134666085243225,0.08140820264816284
14,0.6624140739440918,0.0748092383146286,0.9866244792938232,0.16610082983970642,0.6562403440475464,0.07420726865530014,0.9830604791641235,0.1827288568019867,0.08732803910970688,0.08767547458410263
15,0.6569916009902954,0.07476218789815903,0.9785161018371582,0.16573669016361237,0.649559736251831,0.07402500510215759,0.9674714207649231,0.1818174123764038,0.09594406187534332,0.10123798251152039
16,0.6502971053123474,0.07490866631269455,0.9639593362808228,0.16553856432437897,0.6416213512420654,0.07448995113372803,0.9493769407272339,0.18525366485118866,0.1138501986861229,0.1259865164756775
17,0.6426576375961304,0.07493901997804642,0.9398667812347412,0.16460300981998444,0.632207989692688,0.073777936398983,0.8998636603355408,0.1830170899629593,0.1384260505437851,0.15959987044334412
18,0.6335424184799194,0.07431606203317642,0.9024900794029236,0.1617046594619751,0.6210917234420776,0.0712924599647522,0.8509190082550049,0.17804931104183197,0.17377310991287231,0.20412291586399078
19,0.6228590607643127,0.07350283116102219,0.8359321355819702,0.1630447953939438,0.6080411076545715,0.06919174641370773,0.8010525703430176,0.17939865589141846,0.21901316940784454,0.266342431306839
20,0.6098668575286865,0.0721641257405281,0.7860472798347473,0.15731759369373322,0.5928444266319275,0.06684006750583649,0.7147430777549744,0.17711573839187622,0.27468740940093994,0.3349950313568115
21,0.5949710011482239,0.07106877863407135,0.7255613207817078,0.1527511328458786,0.5753427147865295,0.06181150674819946,0.6177005171775818,0.17781513929367065,0.33860263228416443,0.40489664673805237
22,0.5782842636108398,0.06887086480855942,0.6430622339248657,0.1479472517967224,0.5554656386375427,0.060087114572525024,0.5510036945343018,0.1731775403022766,0.40338659286499023,0.47588151693344116
23,0.5595950484275818,0.06663799285888672,0.5657392144203186,0.14087891578674316,0.5332818627357483,0.057221703231334686,0.47862452268600464,0.1695133000612259,0.4686405062675476,0.5458715558052063
24,0.5380903482437134,0.06543610244989395,0.49913012981414795,0.1418878138065338,0.5090478658676147,0.05699517950415611,0.40505126118659973,0.17715409398078918,0.5373455882072449,0.6110091805458069
25,0.5142642259597778,0.06247252598404884,0.44191035628318787,0.14390778541564941,0.4832507073879242,0.06671426445245743,0.3515079617500305,0.18852725625038147,0.5964282751083374,0.6686415672302246
26,0.49009859561920166,0.060226134955883026,0.37596991658210754,0.13839034736156464,0.45663413405418396,0.062347643077373505,0.306914359331131,0.1885717213153839,0.6507115960121155,0.7162484526634216
27,0.464592844247818,0.06253629177808762,0.33339762687683105,0.13491812348365784,0.4301714301109314,0.06632779538631439,0.2632295489311218,0.20530195534229279,0.6974279880523682,0.7556427717208862
28,0.4402887225151062,0.055844299495220184,0.2701011002063751,0.13753777742385864,0.40496185421943665,0.06928376853466034,0.21683691442012787,0.20172372460365295,0.734863817691803,0.7856748104095459
29,0.4146367609500885,0.07047530263662338,0.21076087653636932,0.1454603224992752,0.38206785917282104,0.07726268470287323,0.18357354402542114,0.19340310990810394,0.767058789730072,0.8095059394836426
30,0.39297163486480713,0.06460060179233551,0.1885138601064682,0.1521083414554596,0.36226406693458557,0.07333727926015854,0.15323123335838318,0.18225796520709991,0.7922280430793762,0.8267823457717896
31,0.3733973503112793,0.07975241541862488,0.159116730093956,0.14180278778076172,0.34583473205566406,0.06806203722953796,0.12205389142036438,0.2017105519771576,0.814211905002594,0.8427213430404663
32,0.35789257287979126,0.07844675332307816,0.1374346911907196,0.14717377722263336,0.33248358964920044,0.08030927181243896,0.10841702669858932,0.2177099585533142,0.8303663730621338,0.855885922908783
33,0.34540292620658875,0.09659705311059952,0.1247909888625145,0.14891240000724792,0.32143041491508484,0.11723209172487259,0.09277014434337616,0.2523983418941498,0.8445175290107727,0.865756630897522
34,0.3349933922290802,0.09701959788799286,0.09310437738895416,0.15759727358818054,0.31169596314430237,0.12853333353996277,0.08889766037464142,0.2933172285556793,0.8564233183860779,0.8728749752044678
35,0.32280203700065613,0.13103336095809937,0.10112064331769943,0.13141387701034546,0.30247965455055237,0.14738623797893524,0.0877428725361824,0.32152432203292847,0.8662118911743164,0.8810765743255615
36,0.31439223885536194,0.10931733250617981,0.08401264995336533,0.15467248857021332,0.2932072579860687,0.17683281004428864,0.07783568650484085,0.27218976616859436,0.8746237754821777,0.8883718252182007
37,0.30705252289772034,0.09365754574537277,0.0758412629365921,0.17464183270931244,0.28363439440727234,0.18141011893749237,0.06265916675329208,0.2558872401714325,0.8817777037620544,0.8946170210838318
38,0.29456010460853577,0.1312682032585144,0.07764307409524918,0.144508957862854,0.27383658289909363,0.1964593082666397,0.06002775579690933,0.26785868406295776,0.8888413906097412,0.8970708250999451
39,0.2859874963760376,0.14002449810504913,0.056694816797971725,0.17078270018100739,0.2640707790851593,0.1818128377199173,0.04928693175315857,0.22298283874988556,0.8949177265167236,0.9016358852386475
40,0.27533382177352905,0.1444997936487198,0.05275574326515198,0.15683449804782867,0.25466611981391907,0.20583371818065643,0.04320714622735977,0.291866660118103,0.899285078048706,0.9074499607086182
41,0.2642907500267029,0.1779167354106903,0.0488608293235302,0.14122697710990906,0.24592989683151245,0.21793697774410248,0.04032422602176666,0.28069406747817993,0.9043834805488586,0.9124129414558411
42,0.2572336196899414,0.17591862380504608,0.04048518091440201,0.16508039832115173,0.238103985786438,0.16290773451328278,0.035029761493206024,0.27631694078445435,0.9080862402915955,0.9159058332443237
43,0.24828968942165375,0.21766848862171173,0.04626442864537239,0.17865939438343048,0.23133687674999237,0.21573810279369354,0.03394417092204094,0.26461341977119446,0.9114567041397095,0.9196087121963501
44,0.24246469140052795,0.18450066447257996,0.03749364987015724,0.16175252199172974,0.22566570341587067,0.3077358305454254,0.03250196576118469,0.2943737506866455,0.913659393787384,0.9224826097488403
45,0.2364310473203659,0.1861264556646347,0.041209496557712555,0.17350615561008453,0.2210330367088318,0.32205531001091003,0.03186577931046486,0.37148430943489075,0.915149986743927,0.9236542582511902
46,0.23270927369594574,0.2115582823753357,0.042575251311063766,0.1701665222644806,0.21729207038879395,0.3739510476589203,0.034376658499240875,0.36851418018341064,0.9159379601478577,0.9246159195899963
47,0.2287379801273346,0.1788329929113388,0.04459700733423233,0.19334760308265686,0.2142476886510849,0.35716453194618225,0.035930972546339035,0.30781251192092896,0.9156578779220581,0.924251139163971
48,0.22562193870544434,0.23266039788722992,0.048507340252399445,0.19579824805259705,0.21169400215148926,0.39262986183166504,0.03630324825644493,0.29317793250083923,0.9162940382957458,0.9239084720611572
49,0.2223021388053894,0.2557980716228485,0.05043507367372513,0.18522736430168152,0.2094336599111557,0.35359856486320496,0.03628762066364288,0.3217977285385132,0.9157101511955261,0.9236873984336853
50,0.2188538759946823,0.24169057607650757,0.05198437720537186,0.19012972712516785,0.20732109248638153,0.3209110200405121,0.0379030667245388,0.3486095368862152,0.9165551066398621,0.9241185188293457
51,0.217631533741951,0.27877306938171387,0.05499057099223137,0.20305083692073822,0.20525489747524261,0.3326874077320099,0.038390208035707474,0.36234843730926514,0.9162892699241638,0.9248037934303284
52,0.2143605798482895,0.31761789321899414,0.054372042417526245,0.19223806262016296,0.2031955122947693,0.37276268005371094,0.03755095601081848,0.36850404739379883,0.917015552520752,0.9258870482444763
53,0.2117408812046051,0.321017861366272,0.05252476781606674,0.19697019457817078,0.20116178691387177,0.3887648284435272,0.034644097089767456,0.3268049657344818,0.9177988767623901,0.9266055226325989
54,0.2103012055158615,0.28536829352378845,0.05122197046875954,0.19902043044567108,0.19919656217098236,0.443781316280365,0.029533732682466507,0.3058805763721466,0.9190283417701721,0.9269702434539795
55,0.20829994976520538,0.29195737838745117,0.04734187573194504,0.20386981964111328,0.19735561311244965,0.4305267035961151,0.024952925741672516,0.27848324179649353,0.9197878837585449,0.9270365834236145
56,0.20558184385299683,0.38766735792160034,0.04677947238087654,0.19111143052577972,0.1956838071346283,0.42880067229270935,0.020988980308175087,0.27666595578193665,0.9207468032836914,0.9271250367164612
57,0.20342731475830078,0.3773826062679291,0.04235601797699928,0.1795208603143692,0.19421741366386414,0.3697287440299988,0.01729343831539154,0.2898448705673218,0.9216155409812927,0.9268818497657776
58,0.20209383964538574,0.334928423166275,0.04013502970337868,0.17442525923252106,0.1929713785648346,0.3958320617675781,0.014746887609362602,0.25880008935928345,0.9217959046363831,0.9268155097961426
59,0.2013142853975296,0.3377833962440491,0.03593948110938072,0.1748872995376587,0.19193468987941742,0.44432103633880615,0.013200940564274788,0.2671431303024292,0.9223608374595642,0.9268376231193542
60,0.19974440336227417,0.3106674253940582,0.034193240106105804,0.17625196278095245,0.19107592105865479,0.44983041286468506,0.011772718280553818,0.24303336441516876,0.9230776429176331,0.9268486499786377
61,0.19738586246967316,0.3196846544742584,0.0318162776529789,0.16319936513900757,0.19034497439861298,0.4822232127189636,0.011126585304737091,0.20832176506519318,0.9236853122711182,0.9267491698265076
62,0.19752469658851624,0.45460158586502075,0.0306276585906744,0.15299496054649353,0.18968653678894043,0.6355240941047668,0.011264455504715443,0.21560193598270416,0.9240745306015015,0.9268818497657776
63,0.1964222937822342,0.39905473589897156,0.02976248972117901,0.1488942950963974,0.18905891478061676,0.6112958192825317,0.011639353819191456,0.2500930428504944,0.9236472845077515,0.9269702434539795
64,0.1968623846769333,0.4013538062572479,0.029798751696944237,0.16371922194957733,0.18842574954032898,0.6044368743896484,0.012258929200470448,0.23235270380973816,0.9239416122436523,0.9270476698875427
65,0.194535031914711,0.4301237165927887,0.02988649532198906,0.14773035049438477,0.1877867579460144,0.5206103324890137,0.013156084343791008,0.2442840188741684,0.9239416122436523,0.9271692037582397
66,0.19471538066864014,0.37608638405799866,0.029532793909311295,0.17161405086517334,0.1871376633644104,0.540835976600647,0.015115774236619473,0.2685585916042328,0.9239606261253357,0.927434504032135
67,0.19324763119220734,0.4132525324821472,0.0313873328268528,0.16176019608974457,0.18650278449058533,0.5343380570411682,0.016394024714827538,0.25492697954177856,0.9240508079528809,0.92750084400177
68,0.19249051809310913,0.38550838828086853,0.03107069991528988,0.16908906400203705,0.18588702380657196,0.536864697933197,0.01747933402657509,0.26629525423049927,0.9242596626281738,0.9275671243667603
69,0.19185340404510498,0.47555407881736755,0.03282936289906502,0.17435598373413086,0.185309037566185,0.613816499710083,0.019486872479319572,0.24360132217407227,0.9242834448814392,0.9277771711349487
70,0.19153960049152374,0.40991079807281494,0.03449348360300064,0.17415092885494232,0.18477430939674377,0.5887636542320251,0.02105489932000637,0.2606492340564728,0.923970103263855,0.9279650449752808
71,0.19141985476016998,0.37570470571517944,0.0355198048055172,0.17647197842597961,0.18428365886211395,0.5598939061164856,0.02215782180428505,0.25478115677833557,0.9240602850914001,0.9280977249145508
72,0.19079484045505524,0.44799599051475525,0.03664388507604599,0.18256689608097076,0.18382985889911652,0.5538299083709717,0.02370666153728962,0.23837174475193024,0.9239558577537537,0.928296685218811
73,0.1897285282611847,0.37180545926094055,0.03733734413981438,0.19827903807163239,0.1834036409854889,0.570901095867157,0.024386214092373848,0.2475716769695282,0.9240223169326782,0.9284182786941528
74,0.18973223865032196,0.3660048246383667,0.03894398733973503,0.19811925292015076,0.18299192190170288,0.5712968111038208,0.024931179359555244,0.2557894289493561,0.9243356585502625,0.9284845590591431
75,0.18896640837192535,0.44055894017219543,0.03950740769505501,0.19490289688110352,0.18258489668369293,0.5771611332893372,0.024568837136030197,0.2561967670917511,0.9247248768806458,0.928517758846283
76,0.1882905662059784,0.3578009605407715,0.038805387914180756,0.19982413947582245,0.1821807324886322,0.5799399018287659,0.023940764367580414,0.255118191242218,0.9247771501541138,0.9284071922302246
77,0.18762873113155365,0.46401530504226685,0.03857367858290672,0.1896345317363739,0.18177680671215057,0.5401338934898376,0.023228904232382774,0.2522013485431671,0.9253515005111694,0.9282524585723877
78,0.18673619627952576,0.44921350479125977,0.03837404400110245,0.18656787276268005,0.1813741773366928,0.5323442220687866,0.022286511957645416,0.24516136944293976,0.9255319237709045,0.9280645251274109
79,0.18654154241085052,0.45804888010025024,0.03789631277322769,0.18672899901866913,0.18097567558288574,0.5389869213104248,0.02191862277686596,0.2436148077249527,0.9255841374397278,0.9280092716217041
80,0.18614915013313293,0.45561131834983826,0.03667764365673065,0.19947141408920288,0.18058648705482483,0.5379500389099121,0.021127618849277496,0.23715995252132416,0.9254274964332581,0.9278655648231506
81,0.1858372837305069,0.4794771671295166,0.03840095177292824,0.18669530749320984,0.18020908534526825,0.559110701084137,0.0205409973859787,0.2180931717157364,0.9262344837188721,0.9277660846710205
82,0.1846197545528412,0.4698300361633301,0.03537401184439659,0.19589491188526154,0.17984601855278015,0.5579683780670166,0.020009687170386314,0.21370896697044373,0.9263531565666199,0.927688717842102
83,0.18409807980060577,0.48759353160858154,0.03649237006902695,0.2044152319431305,0.17949740588665009,0.5516190528869629,0.019635645672678947,0.2092190384864807,0.9265050888061523,0.9276555776596069
84,0.18498454988002777,0.5142354369163513,0.03299602493643761,0.1873554289340973,0.1791595220565796,0.5501368641853333,0.019457004964351654,0.20701152086257935,0.926106333732605,0.9276666045188904
85,0.18357358872890472,0.4741066098213196,0.03431166708469391,0.19270490109920502,0.17882686853408813,0.5614979267120361,0.02013334445655346,0.2133638858795166,0.9263531565666199,0.9277881979942322
86,0.18362957239151,0.5082472562789917,0.033799413591623306,0.17885705828666687,0.17849241197109222,0.573714017868042,0.020508525893092155,0.21716588735580444,0.9264196157455444,0.9278545379638672
87,0.18327417969703674,0.4204191565513611,0.03188825026154518,0.18830618262290955,0.17814990878105164,0.5953428149223328,0.02148640714585781,0.22695951163768768,0.9264623522758484,0.9279982447624207
88,0.18327465653419495,0.49595364928245544,0.03362369164824486,0.18993861973285675,0.17779938876628876,0.596227765083313,0.02278979867696762,0.23766572773456573,0.9266047477722168,0.9281087517738342
89,0.18239621818065643,0.5064273476600647,0.03590985760092735,0.1997659057378769,0.17744344472885132,0.6161929368972778,0.02436024695634842,0.2513902187347412,0.9268658757209778,0.9283961653709412
90,0.1821357160806656,0.5364812612533569,0.03484373167157173,0.1893298476934433,0.17708121240139008,0.6292563080787659,0.026384834200143814,0.2686748504638672,0.9269370436668396,0.9286835193634033
91,0.18106752634048462,0.5560996532440186,0.03704271838068962,0.20039133727550507,0.17671546339988708,0.6504665017127991,0.02873212844133377,0.2898668348789215,0.9275447130203247,0.9290704131126404
92,0.18061016499996185,0.5387581586837769,0.03736085817217827,0.18952974677085876,0.17635396122932434,0.6542137861251831,0.030462678521871567,0.3037813901901245,0.9272218942642212,0.9292804002761841
93,0.17976775765419006,0.5578559637069702,0.0396578349173069,0.20708924531936646,0.17599593102931976,0.6543904542922974,0.03214826434850693,0.31711262464523315,0.9273120760917664,0.9294683337211609
94,0.18041551113128662,0.569934606552124,0.041386689990758896,0.20586709678173065,0.1756395399570465,0.6508108973503113,0.0338423028588295,0.3309568166732788,0.9277393221855164,0.929567813873291
95,0.17993944883346558,0.5784322619438171,0.04403316602110863,0.21831069886684418,0.1752813160419464,0.6482702493667603,0.035500138998031616,0.3439788818359375,0.9278247952461243,0.9297446608543396
96,0.1789863407611847,0.5214268565177917,0.04385184124112129,0.2205990105867386,0.17492014169692993,0.5830181837081909,0.036972690373659134,0.35663580894470215,0.9275921583175659,0.9299436211585999
97,0.1791306436061859,0.5252345204353333,0.044776517897844315,0.2224620133638382,0.17455299198627472,0.5859363079071045,0.03857211023569107,0.36970293521881104,0.9274972081184387,0.9301536679267883
98,0.17865091562271118,0.5098808407783508,0.044664546847343445,0.22144539654254913,0.17417949438095093,0.6093721985816956,0.03997192904353142,0.3401775658130646,0.9280810952186584,0.930429995059967
99,0.1783987283706665,0.6194618344306946,0.04784967377781868,0.2194073349237442,0.1737963706254959,0.6112447381019592,0.041238103061914444,0.34988200664520264,0.9285083413124084,0.9306068420410156
100,0.17770108580589294,0.5423593521118164,0.04810228571295738,0.22975106537342072,0.1734044849872589,0.6060721278190613,0.042343996465206146,0.3582462966442108,0.9288406372070312,0.9307505488395691
101,0.176640123128891,0.5517282485961914,0.050250209867954254,0.23670203983783722,0.1730044037103653,0.6101759076118469,0.043369993567466736,0.36571377515792847,0.9289355874061584,0.9309273958206177
102,0.17660680413246155,0.5545297861099243,0.04944327473640442,0.22117647528648376,0.17259581387043,0.6198625564575195,0.044266778975725174,0.37290894985198975,0.9288263916969299,0.9310600161552429
103,0.17604079842567444,0.5977901816368103,0.0526406392455101,0.24890077114105225,0.17217674851417542,0.6147603988647461,0.04551199451088905,0.36250078678131104,0.9295764565467834,0.9312368631362915
104,0.17544226348400116,0.5803860425949097,0.05389971286058426,0.24509185552597046,0.17174771428108215,0.6193129420280457,0.04672887176275253,0.37183812260627747,0.9296334385871887,0.9314800500869751
105,0.17489992082118988,0.6135400533676147,0.05331362783908844,0.2530229091644287,0.1713067889213562,0.621215283870697,0.04767479747533798,0.3777036666870117,0.930065393447876,0.931634783744812
106,0.17477652430534363,0.592842161655426,0.053367119282484055,0.22876636683940887,0.17085081338882446,0.6615933775901794,0.04930214211344719,0.35151150822639465,0.9299942255020142,0.9318558573722839
107,0.1743248552083969,0.5630990266799927,0.054415203630924225,0.24869844317436218,0.17037492990493774,0.6562690138816833,0.05132889375090599,0.3639961779117584,0.930288553237915,0.9320769309997559
108,0.1730967015028,0.6197815537452698,0.0575423464179039,0.2573334276676178,0.1698794960975647,0.692514181137085,0.05376260355114937,0.3612845242023468,0.9310528039932251,0.9323201179504395
109,0.17256523668766022,0.6317862272262573,0.06118885800242424,0.2872298061847687,0.16936469078063965,0.6971558332443237,0.056851208209991455,0.3800731897354126,0.9315750002861023,0.9327069520950317
110,0.17218974232673645,0.637758731842041,0.06216317042708397,0.2490374594926834,0.16883032023906708,0.7168529629707336,0.05974637344479561,0.38061627745628357,0.9316082000732422,0.9330717325210571
111,0.17167778313159943,0.6154085397720337,0.06453384459018707,0.27608200907707214,0.1682772934436798,0.7202587127685547,0.06321679055690765,0.3995892405509949,0.9317933917045593,0.9335249066352844
112,0.1713465452194214,0.6054483652114868,0.06834060698747635,0.29969948530197144,0.16770383715629578,0.7346281409263611,0.06706555187702179,0.4026419222354889,0.9322586059570312,0.9339781403541565
113,0.17021092772483826,0.6299082636833191,0.07265709340572357,0.26152151823043823,0.16711005568504333,0.7560874223709106,0.0706501230597496,0.3890136480331421,0.9326905608177185,0.9344534277915955
114,0.1695650815963745,0.6194546222686768,0.07822317630052567,0.32224035263061523,0.16649439930915833,0.7375128865242004,0.07549497485160828,0.38200971484184265,0.9334595799446106,0.9350613355636597
115,0.16916482150554657,0.6350374221801758,0.07897045463323593,0.28215548396110535,0.16585616767406464,0.7502660751342773,0.07952549308538437,0.4007315933704376,0.9334169030189514,0.9355255961418152
116,0.16804537177085876,0.6324114203453064,0.08333517611026764,0.3110199570655823,0.16519226133823395,0.7412850856781006,0.0827360674738884,0.40190261602401733,0.9342666268348694,0.935835063457489
117,0.1676362156867981,0.6082565784454346,0.09010275453329086,0.3109411597251892,0.1645025908946991,0.7674376964569092,0.08795039355754852,0.3993287980556488,0.9346606135368347,0.9365314245223999
118,0.1664082407951355,0.6493181586265564,0.09377456456422806,0.32189029455184937,0.16378656029701233,0.7715461254119873,0.09210752695798874,0.4045306146144867,0.9357192516326904,0.9369735717773438
119,0.16557469964027405,0.6362617611885071,0.09456232935190201,0.33260855078697205,0.16304166615009308,0.7534649968147278,0.097123883664608,0.41321370005607605,0.9358474016189575,0.9375925660133362
120,0.1651732474565506,0.5931388735771179,0.09863757342100143,0.30928391218185425,0.16227106750011444,0.7678903341293335,0.10186098515987396,0.39825087785720825,0.9363980889320374,0.9380789399147034
121,0.16396018862724304,0.6426742076873779,0.10101981461048126,0.3171271085739136,0.16147497296333313,0.7611178159713745,0.10923371464014053,0.4138396084308624,0.9366496801376343,0.9388747811317444
122,0.16356143355369568,0.5929069519042969,0.10830012708902359,0.34056633710861206,0.16065214574337006,0.7394599914550781,0.11614137887954712,0.42627614736557007,0.937233567237854,0.9394826889038086
123,0.1625002920627594,0.6215623617172241,0.11387021839618683,0.3493480384349823,0.1598043292760849,0.7424895167350769,0.12320838123559952,0.45031341910362244,0.9378507137298584,0.9400464296340942
124,0.1618434488773346,0.6263023614883423,0.11806400865316391,0.3646862804889679,0.1589335948228836,0.7505378723144531,0.13180743157863617,0.45496535301208496,0.9380168318748474,0.9408532977104187
125,0.16037362813949585,0.5354158878326416,0.13045722246170044,0.3642076253890991,0.15804389119148254,0.6939866542816162,0.13936668634414673,0.4782631993293762,0.9396830797195435,0.9413396716117859
126,0.15950515866279602,0.537117600440979,0.12964008748531342,0.4037163257598877,0.15713681280612946,0.6840547323226929,0.14690016210079193,0.4769631028175354,0.9394789338111877,0.9418370723724365
127,0.1592538207769394,0.5321353673934937,0.1433691680431366,0.39640799164772034,0.1562209278345108,0.6993361115455627,0.15570151805877686,0.46796706318855286,0.9399204254150391,0.942389726638794
128,0.1578335165977478,0.5102223753929138,0.14712132513523102,0.41149812936782837,0.15529966354370117,0.7109537124633789,0.16506654024124146,0.462492436170578,0.9405185580253601,0.9430087208747864
129,0.157022163271904,0.4728446900844574,0.156495600938797,0.4081140160560608,0.15437628328800201,0.6954166889190674,0.17353536188602448,0.4816546142101288,0.9412638545036316,0.9433845281600952
130,0.15617673099040985,0.4080356955528259,0.15988606214523315,0.4127156436443329,0.15345676243305206,0.6582993268966675,0.18054351210594177,0.4980098009109497,0.9412021636962891,0.9437382817268372
131,0.1552416831254959,0.4846920371055603,0.1712162345647812,0.42840808629989624,0.15254496037960052,0.6544471383094788,0.18721525371074677,0.502458930015564,0.9417908191680908,0.9441472291946411
132,0.15365229547023773,0.5100942254066467,0.1731356531381607,0.4239504039287567,0.1516421139240265,0.6499817967414856,0.19559596478939056,0.5119792819023132,0.9427686929702759,0.9445451498031616
133,0.15255425870418549,0.5251476168632507,0.18343783915042877,0.4241713881492615,0.15075793862342834,0.6580052971839905,0.204061821103096,0.5102105736732483,0.943120002746582,0.9447993636131287
134,0.15194638073444366,0.4965578615665436,0.18712067604064941,0.4301747977733612,0.14989322423934937,0.6575037240982056,0.21134674549102783,0.5145372152328491,0.942735493183136,0.9451199173927307
135,0.15098771452903748,0.4867854118347168,0.1895345151424408,0.46549203991889954,0.1490514725446701,0.6587356328964233,0.2204953134059906,0.5324588418006897,0.9429348707199097,0.9454404711723328
136,0.15002775192260742,0.5154745578765869,0.20141692459583282,0.45055723190307617,0.1482357531785965,0.6306877732276917,0.2277454137802124,0.5447087287902832,0.9435757398605347,0.9455289244651794
137,0.14908312261104584,0.4482944905757904,0.21081842482089996,0.45821845531463623,0.14744897186756134,0.6359865665435791,0.23458844423294067,0.5470040440559387,0.9438747763633728,0.9457167983055115
138,0.14796142280101776,0.4538288414478302,0.2145366221666336,0.46028828620910645,0.146696075797081,0.6343082785606384,0.2397691160440445,0.5556948184967041,0.943964958190918,0.9457720518112183
139,0.14764150977134705,0.5038053393363953,0.2207546830177307,0.4637806713581085,0.14597229659557343,0.6326090097427368,0.24575187265872955,0.5550214648246765,0.9443874955177307,0.9459599852561951
140,0.14653733372688293,0.48963579535484314,0.2211931198835373,0.45904627442359924,0.145273819565773,0.6221219897270203,0.2507253885269165,0.5604664087295532,0.9445441365242004,0.9459820985794067
141,0.14631062746047974,0.469081312417984,0.22925236821174622,0.46574005484580994,0.14460019767284393,0.6219397783279419,0.2566116750240326,0.5585211515426636,0.9445868730545044,0.9459931254386902
142,0.14575687050819397,0.5016537308692932,0.2338780164718628,0.46988722681999207,0.14395591616630554,0.6171390414237976,0.26357796788215637,0.5696622729301453,0.9447245001792908,0.9461479187011719
143,0.14398181438446045,0.4712772071361542,0.23726189136505127,0.5055410265922546,0.14333663880825043,0.6116092801094055,0.26737555861473083,0.5735713243484497,0.9450093507766724,0.9459489583969116
144,0.14423859119415283,0.4512595236301422,0.23978419601917267,0.48805737495422363,0.14273954927921295,0.6151452660560608,0.2753596603870392,0.5655310153961182,0.9452182054519653,0.9461258053779602
145,0.1432085484266281,0.4860303997993469,0.25292474031448364,0.4950466454029083,0.1421661227941513,0.6067771315574646,0.27998098731040955,0.5727594494819641,0.9456787109375,0.946181058883667
146,0.14198563992977142,0.48333868384361267,0.2582835257053375,0.5133019685745239,0.1416054368019104,0.601279616355896,0.2827373445034027,0.5671477317810059,0.9455695152282715,0.9464021325111389
147,0.14192260801792145,0.46451422572135925,0.2583007216453552,0.5080097913742065,0.14105775952339172,0.6051474213600159,0.2831331193447113,0.5674368143081665,0.9459350109100342,0.9465458393096924
148,0.1410624086856842,0.482713907957077,0.2537189722061157,0.5091552138328552,0.14053139090538025,0.5936666131019592,0.285137414932251,0.5699951648712158,0.9464999437332153,0.9467115998268127
149,0.14082756638526917,0.5103880763053894,0.2584320306777954,0.5229241847991943,0.14002247154712677,0.5983916521072388,0.2892872989177704,0.578764796257019,0.9463338255882263,0.9470763802528381
150,0.13930512964725494,0.5032132267951965,0.26116928458213806,0.50770103931427,0.13952745497226715,0.5985912680625916,0.2934006452560425,0.5855621695518494,0.946746826171875,0.9473748207092285
151,0.14022794365882874,0.4370124042034149,0.2613984942436218,0.49952226877212524,0.1390511691570282,0.5892547965049744,0.2954905927181244,0.5885854959487915,0.9457783699035645,0.9475627541542053
152,0.13868890702724457,0.46094071865081787,0.2596835792064667,0.515574038028717,0.13858789205551147,0.5866490006446838,0.2982673645019531,0.5911505818367004,0.9469651579856873,0.9476069211959839
153,0.13762938976287842,0.4878866374492645,0.26995784044265747,0.5286544561386108,0.1381404846906662,0.5841414928436279,0.29998722672462463,0.5922863483428955,0.9475917816162109,0.9476290345191956
154,0.1377633810043335,0.4641970992088318,0.2663866877555847,0.5394680500030518,0.13770964741706848,0.5809043645858765,0.3024122416973114,0.593418538570404,0.9476677179336548,0.9475737810134888
155,0.13746806979179382,0.521881103515625,0.2634022831916809,0.5133477449417114,0.13730786740779877,0.5822021961212158,0.3064628839492798,0.5876177549362183,0.9476962089538574,0.9474743008613586
156,0.1366843730211258,0.48523974418640137,0.2811347246170044,0.5281078219413757,0.13691866397857666,0.5880909562110901,0.31055179238319397,0.5833596587181091,0.9478670954704285,0.9476401209831238
157,0.13636186718940735,0.4571376442909241,0.2752284109592438,0.5341701507568359,0.13654303550720215,0.5883146524429321,0.3123016357421875,0.5852216482162476,0.9480190277099609,0.9478169679641724
158,0.1355482041835785,0.5207635164260864,0.2826492488384247,0.5414086580276489,0.13616621494293213,0.5837468504905701,0.3118860721588135,0.5938047766685486,0.9482848644256592,0.9480822086334229
159,0.1349637657403946,0.4970163106918335,0.2781100869178772,0.5400714874267578,0.13580511510372162,0.5836260318756104,0.31067556142807007,0.6024698615074158,0.9482943415641785,0.9484912157058716
160,0.13461646437644958,0.5183611512184143,0.2778299152851105,0.5434731245040894,0.1354643702507019,0.591332733631134,0.31010958552360535,0.6115176677703857,0.9491060972213745,0.9486459493637085
161,0.13343042135238647,0.5562212467193604,0.2783738374710083,0.5270150303840637,0.13513928651809692,0.5873680114746094,0.3113815188407898,0.6232919692993164,0.9495333433151245,0.9488781094551086
162,0.1333899199962616,0.5523653626441956,0.2767847776412964,0.5312091708183289,0.1348288655281067,0.5873303413391113,0.31376609206199646,0.625320553779602,0.9499558806419373,0.9489001631736755
163,0.13310842216014862,0.5189615488052368,0.28095895051956177,0.5403394103050232,0.1345336139202118,0.5754053592681885,0.31471341848373413,0.6589988470077515,0.9497897028923035,0.9489001631736755
164,0.13295847177505493,0.5319318771362305,0.2780786454677582,0.5152872204780579,0.1342579871416092,0.575079619884491,0.31805184483528137,0.6622206568717957,0.9495333433151245,0.9489443898200989
165,0.1319456696510315,0.5329538583755493,0.2822795510292053,0.5410528779029846,0.13400188088417053,0.574320912361145,0.3220107853412628,0.6656458377838135,0.9501552581787109,0.9490217566490173
166,0.13176600635051727,0.5135917663574219,0.2850976288318634,0.594472348690033,0.1337430626153946,0.5737887024879456,0.3235342800617218,0.6667168140411377,0.9497944712638855,0.9490659832954407
167,0.1316969394683838,0.5118000507354736,0.28190988302230835,0.5867183208465576,0.13348524272441864,0.5705231428146362,0.32458725571632385,0.6793451309204102,0.9494004249572754,0.9490880966186523
168,0.13173949718475342,0.4838934540748596,0.283468633890152,0.5566518306732178,0.13323339819908142,0.5799218416213989,0.3251435458660126,0.6797106266021729,0.9493339657783508,0.949176549911499
169,0.1308373063802719,0.5829038619995117,0.2915917634963989,0.5426878929138184,0.13297197222709656,0.5822770595550537,0.3249051868915558,0.6806973814964294,0.9503593444824219,0.9493423104286194
170,0.13030654191970825,0.5504953265190125,0.28889191150665283,0.5497817993164062,0.13272322714328766,0.5848796963691711,0.3238602876663208,0.6805400252342224,0.9505540132522583,0.9495633840560913
171,0.13007064163684845,0.5286969542503357,0.2907443046569824,0.5664480924606323,0.1324898600578308,0.5837491750717163,0.32379603385925293,0.6937023401260376,0.9509859681129456,0.9497292041778564
172,0.13013438880443573,0.5249258875846863,0.28013351559638977,0.5815824270248413,0.1322813183069229,0.582680344581604,0.325013130903244,0.6942510604858398,0.9507296085357666,0.949651837348938
173,0.1292291134595871,0.5523664951324463,0.28720584511756897,0.5755705833435059,0.13209527730941772,0.5802811980247498,0.3268866240978241,0.6945397257804871,0.9514417052268982,0.949585497379303
174,0.12952570617198944,0.5193642377853394,0.2881719470024109,0.5991677641868591,0.13190631568431854,0.5788651704788208,0.32798680663108826,0.6947851777076721,0.9506441950798035,0.9495302438735962
175,0.12876060605049133,0.5416845679283142,0.2897212505340576,0.55609130859375,0.1317242532968521,0.5772934556007385,0.3285875618457794,0.6944566965103149,0.9511046409606934,0.9495302438735962
176,0.12827204167842865,0.5439901947975159,0.28944864869117737,0.5986250638961792,0.13154272735118866,0.5767953395843506,0.32929614186286926,0.6950194835662842,0.9506394267082214,0.9496076107025146
177,0.12900333106517792,0.5847140550613403,0.2931359112262726,0.5570640563964844,0.1313684582710266,0.577170729637146,0.3295831084251404,0.6954708695411682,0.9516980648040771,0.9496960043907166
178,0.12892434000968933,0.5445888042449951,0.2923623323440552,0.5403538942337036,0.13119763135910034,0.5777321457862854,0.3293919563293457,0.7098022103309631,0.9511853456497192,0.949906051158905
179,0.12823592126369476,0.500862717628479,0.28909429907798767,0.6074651479721069,0.1310199499130249,0.6194496750831604,0.3280598223209381,0.709067702293396,0.9506869316101074,0.9500939249992371
180,0.1278836876153946,0.511197566986084,0.29179179668426514,0.604146420955658,0.13085880875587463,0.6190228462219238,0.3282610774040222,0.7089922428131104,0.9514986872673035,0.9501713514328003
181,0.1275736689567566,0.5611004829406738,0.2932009696960449,0.5282206535339355,0.13071945309638977,0.6173776984214783,0.3290315568447113,0.7087157964706421,0.9519306421279907,0.9501160383224487
182,0.12768232822418213,0.5110787749290466,0.2917129099369049,0.6549386382102966,0.13059286773204803,0.5933770537376404,0.32965087890625,0.7072759866714478,0.9519116878509521,0.9498949646949768
183,0.12665729224681854,0.556633472442627,0.28882065415382385,0.5735837817192078,0.13048745691776276,0.5919920206069946,0.3306366205215454,0.7071471214294434,0.9519543647766113,0.9497402310371399
184,0.12711727619171143,0.5729525685310364,0.2965661883354187,0.5327953100204468,0.13035127520561218,0.5918700695037842,0.3304876387119293,0.7071289420127869,0.9515698552131653,0.9498507976531982
185,0.12628577649593353,0.5414959192276001,0.2925529479980469,0.6031185984611511,0.13021714985370636,0.5922738909721375,0.33018922805786133,0.707115113735199,0.9518689513206482,0.9498839378356934
186,0.12619589269161224,0.5570375919342041,0.2939095199108124,0.5910423398017883,0.13008110225200653,0.5937624573707581,0.33021125197410583,0.7079584002494812,0.9526759386062622,0.9500055313110352
187,0.12609253823757172,0.5448113083839417,0.29720044136047363,0.5915987491607666,0.12994220852851868,0.6050423979759216,0.3300051689147949,0.7083540558815002,0.9521917700767517,0.9501823782920837
188,0.12633761763572693,0.5467609167098999,0.29085400700569153,0.5846998691558838,0.12981674075126648,0.605270504951477,0.3298722207546234,0.7083651423454285,0.9518262147903442,0.9501934051513672
189,0.12598705291748047,0.5401105284690857,0.29172366857528687,0.5695129036903381,0.12969103455543518,0.6048828363418579,0.33010929822921753,0.7082065343856812,0.9520920515060425,0.9502155184745789
190,0.12565749883651733,0.5555610656738281,0.2910930812358856,0.5873103737831116,0.12958788871765137,0.6021990180015564,0.3308904469013214,0.7073459029197693,0.9529987573623657,0.9500939249992371
191,0.12506060302257538,0.5443799495697021,0.2930357754230499,0.6579445004463196,0.12946900725364685,0.608879566192627,0.33089953660964966,0.7052807807922363,0.9526379704475403,0.9499502778053284
192,0.1251957267522812,0.5330495834350586,0.2938334047794342,0.6458284854888916,0.12932662665843964,0.6186448931694031,0.33102136850357056,0.7048014998435974,0.9525572657585144,0.9499944448471069
193,0.1248684749007225,0.5370349884033203,0.29576924443244934,0.6112267374992371,0.12916073203086853,0.6222009658813477,0.33036133646965027,0.7061750888824463,0.9529038071632385,0.9501823782920837
194,0.125160813331604,0.5351154208183289,0.294173926115036,0.6040264368057251,0.12900418043136597,0.6495640277862549,0.33006173372268677,0.7084441184997559,0.9523104429244995,0.9504808187484741
195,0.12434113025665283,0.541667103767395,0.2941036820411682,0.6482172012329102,0.12887097895145416,0.6524083614349365,0.3298026919364929,0.7097130417823792,0.9531601667404175,0.9506134390830994
196,0.12482213228940964,0.5152817368507385,0.2932337522506714,0.7043756246566772,0.12874093651771545,0.6536548733711243,0.32977625727653503,0.7103846073150635,0.952372133731842,0.9507240056991577
197,0.12378942966461182,0.5394370555877686,0.29360419511795044,0.6949386596679688,0.12863335013389587,0.6530236005783081,0.33003634214401245,0.7103303074836731,0.9530937075614929,0.9507129192352295
198,0.1233072429895401,0.5341456532478333,0.295320063829422,0.7273336052894592,0.12856371700763702,0.6492041349411011,0.330670028924942,0.7088647484779358,0.9538484811782837,0.9504808187484741
199,0.12394237518310547,0.5053226947784424,0.29417791962623596,0.6788341999053955,0.1285019814968109,0.6319769620895386,0.3316819369792938,0.7066899538040161,0.9525098204612732,0.9501823782920837
200,0.12396084517240524,0.5328468084335327,0.2949860394001007,0.7094849944114685,0.12844975292682648,0.5950286984443665,0.33214524388313293,0.7043371200561523,0.953055739402771,0.9498729109764099
201,0.1243516355752945,0.5064163208007812,0.294997900724411,0.6474144458770752,0.1283075362443924,0.6289303302764893,0.3317713141441345,0.7046225070953369,0.9524006247520447,0.9500055313110352
202,0.12313199043273926,0.5509325861930847,0.2977432906627655,0.6634947061538696,0.12813642621040344,0.6576271057128906,0.33124661445617676,0.7067601084709167,0.9532978534698486,0.950381338596344
203,0.12294058501720428,0.5705193281173706,0.2971268892288208,0.619572103023529,0.12797226011753082,0.6768354177474976,0.3299297094345093,0.7090258598327637,0.9536206126213074,0.9507129192352295
204,0.12314905226230621,0.5264769196510315,0.2931079864501953,0.6925559043884277,0.12785005569458008,0.6798480153083801,0.32962101697921753,0.710365355014801,0.9531886577606201,0.9508898258209229
205,0.12295234203338623,0.5357869863510132,0.2935037314891815,0.6974990367889404,0.12775737047195435,0.6786526441574097,0.3300397992134094,0.7100340723991394,0.9535067081451416,0.9508123993873596
206,0.12243802100419998,0.5439777374267578,0.2943201959133148,0.6769355535507202,0.12771394848823547,0.6729841828346252,0.33095043897628784,0.7079498171806335,0.953910231590271,0.9505139589309692
207,0.1224900558590889,0.5316523909568787,0.2961971163749695,0.6943883299827576,0.12769833207130432,0.6671663522720337,0.3316595256328583,0.7053797841072083,0.9533073306083679,0.9501602649688721
208,0.12302947789430618,0.5465123057365417,0.296954870223999,0.6206742525100708,0.12767046689987183,0.6654931306838989,0.33176663517951965,0.7048296928405762,0.9532171487808228,0.9500165581703186
209,0.1223331019282341,0.5414484739303589,0.29836100339889526,0.7013367414474487,0.12755990028381348,0.6711668372154236,0.3316742181777954,0.707876443862915,0.9536206126213074,0.9503592252731323
210,0.12233515828847885,0.5405012369155884,0.2949410080909729,0.7321721911430359,0.1274690479040146,0.6718081831932068,0.3314838111400604,0.7080350518226624,0.9543374180793762,0.9503703117370605
211,0.12196709215641022,0.5212989449501038,0.296706885099411,0.7152329683303833,0.1273171305656433,0.6758795976638794,0.3306800425052643,0.7093519568443298,0.9536348581314087,0.9505913853645325
212,0.12126874178647995,0.5476149320602417,0.2987082302570343,0.696996808052063,0.127174973487854,0.6790913343429565,0.3302295506000519,0.7106372117996216,0.9544893503189087,0.9507461190223694
213,0.1217174232006073,0.5651362538337708,0.2957327663898468,0.717732310295105,0.12705770134925842,0.6781676411628723,0.3304056227207184,0.7102037072181702,0.9541285634040833,0.9506908655166626
214,0.12070956826210022,0.5406337380409241,0.29880332946777344,0.6504547595977783,0.12693774700164795,0.691946268081665,0.3305915594100952,0.7101938724517822,0.9546080231666565,0.9507129192352295
215,0.1214357316493988,0.5339829325675964,0.2958025336265564,0.7279597520828247,0.1268436759710312,0.6882696151733398,0.3313513994216919,0.7083076238632202,0.9538295269012451,0.9505802989006042
216,0.12113399803638458,0.5549365878105164,0.29701951146125793,0.704669177532196,0.12680251896381378,0.6807296872138977,0.33217012882232666,0.7049018144607544,0.9543896913528442,0.9501713514328003
217,0.12081942707300186,0.5218605399131775,0.2956902086734772,0.7245801091194153,0.12675656378269196,0.6780841946601868,0.3328782021999359,0.704204797744751,0.9537867903709412,0.9500497579574585
218,0.1204683929681778,0.5633768439292908,0.2999560236930847,0.6568149924278259,0.1266845166683197,0.6783885359764099,0.3330157995223999,0.7044703960418701,0.9541902542114258,0.9500939249992371
219,0.12068138271570206,0.5697653889656067,0.29988497495651245,0.7182568907737732,0.12657703459262848,0.6832079291343689,0.33240947127342224,0.7067410349845886,0.9543042182922363,0.9502818584442139
220,0.1205129399895668,0.7078288197517395,0.30010905861854553,0.6057071089744568,0.12647965550422668,0.6883423924446106,0.3318273723125458,0.7092632055282593,0.9542092680931091,0.9505471587181091
221,0.11961846053600311,0.5779372453689575,0.29887324571609497,0.7554001808166504,0.12641359865665436,0.6892424821853638,0.33141010999679565,0.7250230312347412,0.9554340243339539,0.9506797790527344
222,0.12008986622095108,0.5975119471549988,0.2977065145969391,0.7102294564247131,0.1263323724269867,0.6914942264556885,0.3316570520401001,0.711424708366394,0.9548928737640381,0.9506908655166626
223,0.1206064224243164,0.5570176839828491,0.2969329059123993,0.6955661177635193,0.12621475756168365,0.6913374066352844,0.3317376971244812,0.7112704515457153,0.9546365141868591,0.9507240056991577
224,0.11960610002279282,0.5880728363990784,0.2993904650211334,0.6753178238868713,0.12613548338413239,0.6863687038421631,0.33209988474845886,0.708208441734314,0.9550637602806091,0.950381338596344
225,0.11986001580953598,0.5351361036300659,0.299146443605423,0.6926586627960205,0.12602756917476654,0.686010479927063,0.3322654068470001,0.7078238725662231,0.9543516635894775,0.9503703117370605
226,0.11954104155302048,0.5060644149780273,0.2985859811306,0.7306316494941711,0.12586793303489685,0.6922263503074646,0.3320235013961792,0.7094480395317078,0.9541000723838806,0.9506908655166626
227,0.1198074072599411,0.6315608620643616,0.29769715666770935,0.7166212797164917,0.12572124600410461,0.698316216468811,0.3318678140640259,0.7119458317756653,0.9546032547950745,0.9509450793266296
228,0.11985871940851212,0.5439351797103882,0.2983321249485016,0.6590324640274048,0.1256115585565567,0.7048356533050537,0.3317458927631378,0.7145895957946777,0.9548074007034302,0.9511661529541016
229,0.11937212198972702,0.5684251189231873,0.2969970107078552,0.7171946167945862,0.12554003298282623,0.7069120407104492,0.33198225498199463,0.716046154499054,0.9546507596969604,0.9512656331062317
230,0.11885040253400803,0.565703272819519,0.2965918183326721,0.7243528366088867,0.12551681697368622,0.7013996839523315,0.33252233266830444,0.7136265635490417,0.9552109241485596,0.9509561061859131
231,0.11920598894357681,0.597018301486969,0.2964514195919037,0.7374792695045471,0.12553466856479645,0.6926939487457275,0.3331702649593353,0.71045982837677,0.9550447463989258,0.9504697918891907
232,0.11874540150165558,0.6111113429069519,0.2992667555809021,0.6985805034637451,0.12551811337471008,0.6844767332077026,0.3336126208305359,0.7082250118255615,0.9548453688621521,0.9501823782920837
233,0.11883922666311264,0.5456041693687439,0.30017104744911194,0.6957415342330933,0.12538635730743408,0.6864617466926575,0.3333226442337036,0.7090554237365723,0.9544561505317688,0.9502928853034973
234,0.11880636215209961,0.6161045432090759,0.3019198179244995,0.7124797105789185,0.12516143918037415,0.7019369602203369,0.33212170004844666,0.713454008102417,0.9547361731529236,0.9508898258209229
235,0.1188444197177887,0.5739431977272034,0.3002290427684784,0.7137368321418762,0.12498799711465836,0.7066581845283508,0.3316778242588043,0.7154550552368164,0.9553248286247253,0.9511992931365967
236,0.11847230046987534,0.6765217185020447,0.2993866503238678,0.539393961429596,0.12483768910169601,0.7076267004013062,0.3312855064868927,0.7155008316040039,0.955528974533081,0.9512214064598083
237,0.11812502145767212,0.5933077335357666,0.2971588373184204,0.7402628064155579,0.12476416677236557,0.7044628262519836,0.33230867981910706,0.7135306000709534,0.9555147290229797,0.950922966003418
238,0.1181483119726181,0.6606457233428955,0.30080991983413696,0.6896255016326904,0.12467938661575317,0.7001141309738159,0.3330647051334381,0.7118174433708191,0.9554197788238525,0.950768232345581
239,0.11794639378786087,0.615381121635437,0.3013819456100464,0.7269654870033264,0.12459943443536758,0.699453592300415,0.33365440368652344,0.7120985388755798,0.9552963376045227,0.9507903456687927
240,0.11781433969736099,0.721105694770813,0.2995794713497162,0.6757341623306274,0.12450826168060303,0.7051432132720947,0.33350270986557007,0.7151695489883423,0.9555147290229797,0.9510776996612549
241,0.11754469573497772,0.5691442489624023,0.3013877868652344,0.7160221934318542,0.12436658889055252,0.7109938263893127,0.33312615752220154,0.7180214524269104,0.9554197788238525,0.9513872265815735
242,0.11695333570241928,0.6343979835510254,0.30013614892959595,0.7196945548057556,0.124176025390625,0.7166630029678345,0.33214104175567627,0.7201926112174988,0.9562552571296692,0.9516193270683289
243,0.1175670474767685,0.6310206651687622,0.29879069328308105,0.7102314829826355,0.12401346117258072,0.7149357795715332,0.3319781422615051,0.7189499139785767,0.9564499258995056,0.9515308737754822
244,0.11694677174091339,0.6060582399368286,0.300601989030838,0.7205939292907715,0.1239364966750145,0.7179498076438904,0.33321186900138855,0.7040676474571228,0.9562600255012512,0.9511550664901733
245,0.11697596311569214,0.6188499331474304,0.30167531967163086,0.7198876142501831,0.12387963384389877,0.7120526432991028,0.33439046144485474,0.7016394138336182,0.9558565020561218,0.9508123993873596
246,0.11652716994285583,0.6581797003746033,0.30179837346076965,0.6572482585906982,0.12367061525583267,0.7192006707191467,0.33396071195602417,0.7052531838417053,0.9552820920944214,0.951177179813385
247,0.1167432889342308,0.6158345937728882,0.3048698306083679,0.6167700886726379,0.12346971035003662,0.7252130508422852,0.33367666602134705,0.7085752487182617,0.9559799432754517,0.9515198469161987
248,0.11626524478197098,0.546741247177124,0.30126675963401794,0.686278223991394,0.12329482287168503,0.7254117131233215,0.33406636118888855,0.7090542912483215,0.956165075302124,0.9515419602394104
249,0.11620468646287918,0.5700973272323608,0.3033105432987213,0.6989737153053284,0.12310978770256042,0.7237595915794373,0.33472490310668945,0.7084311246871948,0.9561223387718201,0.9514977335929871
250,0.11618852615356445,0.7591813206672668,0.3027568757534027,0.6784799098968506,0.12293142825365067,0.7196335196495056,0.3352527618408203,0.7065003514289856,0.9565163850784302,0.9512766599655151
251,0.11630792915821075,0.6891011595726013,0.3021308481693268,0.6639332175254822,0.1228029876947403,0.7129468321800232,0.33688637614250183,0.6959134340286255,0.9559134840965271,0.9511882662773132
252,0.11590202152729034,0.7317712306976318,0.3052060604095459,0.5836010575294495,0.12269525974988937,0.7179440855979919,0.33789026737213135,0.6847240328788757,0.9560939073562622,0.9512545466423035
253,0.11520995944738388,0.7449167370796204,0.30816569924354553,0.6105499267578125,0.12247177213430405,0.717579185962677,0.33602872490882874,0.7121549844741821,0.9558090567588806,0.9516082406044006
254,0.11540399491786957,0.6441496014595032,0.3040653467178345,0.7155131697654724,0.12228656560182571,0.7309489250183105,0.3338961601257324,0.7158200144767761,0.9563977122306824,0.9522383213043213
255,0.1154976636171341,0.7088459134101868,0.30251917243003845,0.6411765217781067,0.12222597002983093,0.7268183827400208,0.3346838653087616,0.716607928276062,0.9569625854492188,0.9521277546882629
256,0.11461218446493149,0.7269582748413086,0.3063514530658722,0.6191856265068054,0.12218388170003891,0.718146026134491,0.3373414874076843,0.6914940476417542,0.9573851227760315,0.951785147190094
257,0.1148524060845375,0.6396903991699219,0.30709123611450195,0.6644060611724854,0.12209587544202805,0.7178000211715698,0.338827908039093,0.6790231466293335,0.9564926624298096,0.9514977335929871
258,0.11465255916118622,0.6682506799697876,0.3070707619190216,0.6653681397438049,0.12185952812433243,0.7279879450798035,0.3389798104763031,0.6710019111633301,0.9563692212104797,0.9517298340797424
259,0.11451172083616257,0.7320930361747742,0.30803897976875305,0.6218774318695068,0.12156438082456589,0.7402222156524658,0.33827483654022217,0.6626369953155518,0.9569388628005981,0.9521056413650513
260,0.11438124626874924,0.7254006862640381,0.31027501821517944,0.6375775933265686,0.12127900123596191,0.7478556036949158,0.3378104567527771,0.6664947867393494,0.9570907950401306,0.9526141285896301
261,0.11407524347305298,0.7254945039749146,0.3088553845882416,0.5806555151939392,0.12114273756742477,0.7583046555519104,0.3405941128730774,0.6389853358268738,0.9575892090797424,0.9525588750839233
262,0.11384588479995728,0.7232762575149536,0.3092538118362427,0.6063172221183777,0.12103015184402466,0.7603811025619507,0.3427813649177551,0.6196117997169495,0.9579025506973267,0.952260434627533
263,0.11354248225688934,0.7290428280830383,0.3144969642162323,0.6084622740745544,0.12085423618555069,0.7617660760879517,0.3449830114841461,0.6119183897972107,0.9579357504844666,0.9522051215171814
264,0.11302698403596878,0.8130019903182983,0.31726381182670593,0.5989952683448792,0.1205192357301712,0.7668954133987427,0.34467214345932007,0.614356279373169,0.957489550113678,0.9525699019432068
265,0.11282102018594742,0.7838835716247559,0.3126438856124878,0.6092459559440613,0.12013091892004013,0.7712746262550354,0.3433323800563812,0.6267522573471069,0.9576841592788696,0.9530120491981506
266,0.11273229122161865,0.757565975189209,0.3145415782928467,0.5857890844345093,0.11982976645231247,0.7770665287971497,0.34436360001564026,0.6203388571739197,0.9584342241287231,0.953244149684906
267,0.11211764067411423,0.7873806357383728,0.31476521492004395,0.6095366477966309,0.11953524500131607,0.7739497423171997,0.346779465675354,0.6238470673561096,0.9582490921020508,0.9531999826431274
268,0.11158392578363419,0.7589468359947205,0.3197955787181854,0.6115231513977051,0.11922403424978256,0.7761830687522888,0.3509190082550049,0.59770268201828,0.9582206010818481,0.9533878564834595
269,0.1115017905831337,0.78348308801651,0.32120266556739807,0.6099447011947632,0.11895373463630676,0.7634856700897217,0.35424450039863586,0.594120979309082,0.9586288332939148,0.9533326029777527
270,0.11152824759483337,0.7691584229469299,0.33677828311920166,0.6314722299575806,0.11861921846866608,0.7696807980537415,0.3547525703907013,0.5991964936256409,0.9586098790168762,0.9538078904151917
271,0.11117790639400482,0.7873979806900024,0.3359793424606323,0.6156877875328064,0.11832918226718903,0.7905756235122681,0.35234442353248596,0.6001756191253662,0.9587854743003845,0.9543826580047607
272,0.11034489423036575,0.8178318738937378,0.3263782560825348,0.6231697201728821,0.11818515509366989,0.7891581058502197,0.35590460896492004,0.6070192456245422,0.9600292444229126,0.9543716311454773
273,0.11032388359308243,0.7631133794784546,0.3316378593444824,0.6432395577430725,0.11806434392929077,0.7839371562004089,0.3619927763938904,0.6146885752677917,0.9600197672843933,0.9542058110237122
274,0.11008057743310928,0.7611779570579529,0.3349173367023468,0.6496108770370483,0.11778028309345245,0.7748641967773438,0.37019896507263184,0.6136284470558167,0.959530770778656,0.9541947841644287
275,0.10977115482091904,0.7733516097068787,0.34793156385421753,0.6510786414146423,0.11732200533151627,0.7795755863189697,0.37263837456703186,0.6225766539573669,0.9596779346466064,0.9546700716018677
276,0.10947934538125992,0.793355405330658,0.3474194407463074,0.6547572612762451,0.11684338748455048,0.7883363366127014,0.3712272346019745,0.6264895796775818,0.9604042768478394,0.9552779793739319
277,0.10955303907394409,0.7881572246551514,0.349868506193161,0.6740803718566895,0.11651366204023361,0.7916775345802307,0.37683624029159546,0.6302719712257385,0.9606226086616516,0.9555543065071106
278,0.10881565511226654,0.7961958646774292,0.35077232122421265,0.6612700819969177,0.1162395104765892,0.7884276509284973,0.38486090302467346,0.6439153552055359,0.9609026908874512,0.9556980133056641
279,0.10878559947013855,0.8035308718681335,0.3567224442958832,0.668520450592041,0.11587502807378769,0.7860215306282043,0.39202964305877686,0.6548466682434082,0.9607318043708801,0.9558638334274292
280,0.10810194909572601,0.772325873374939,0.36250486969947815,0.679644763469696,0.11546407639980316,0.7871090769767761,0.3976198732852936,0.6659756898880005,0.9612065553665161,0.9561290740966797
281,0.10764863342046738,0.7704885601997375,0.37162545323371887,0.7048404216766357,0.11502302438020706,0.790643572807312,0.39981314539909363,0.6718209385871887,0.9612872004508972,0.9565380811691284
282,0.10737672448158264,0.7954522967338562,0.37533292174339294,0.7043513059616089,0.11458728462457657,0.7928912043571472,0.4012193977832794,0.6760538816452026,0.9618236422538757,0.9568033814430237
283,0.1069471538066864,0.801556408405304,0.377939909696579,0.7222970724105835,0.11422953009605408,0.7930704355239868,0.4047825038433075,0.6828389763832092,0.9625784754753113,0.9569581151008606
284,0.10673071444034576,0.8145885467529297,0.37269607186317444,0.7144777774810791,0.11395882070064545,0.7884827852249146,0.4157387614250183,0.6981634497642517,0.9625499844551086,0.9570575952529907
285,0.1061616986989975,0.7909833192825317,0.3870152533054352,0.7242031693458557,0.11369510740041733,0.7854504585266113,0.4259316623210907,0.7118799686431885,0.962735116481781,0.9572344422340393
286,0.10619519650936127,0.7362962365150452,0.3948516845703125,0.7296385765075684,0.11319606006145477,0.787276029586792,0.42830684781074524,0.7181515693664551,0.9622556567192078,0.957510769367218
287,0.10540252178907394,0.7981337308883667,0.398257851600647,0.7299888134002686,0.11254451423883438,0.8084161281585693,0.42629382014274597,0.7221773266792297,0.9629249572753906,0.958306610584259
288,0.10523846745491028,0.8155267834663391,0.39871078729629517,0.7470383048057556,0.11203458905220032,0.8069257736206055,0.42958420515060425,0.7209810614585876,0.9636560678482056,0.9588924646377563
289,0.10502789169549942,0.8095369935035706,0.3954233229160309,0.7456679940223694,0.11165117472410202,0.8013527393341064,0.4388340413570404,0.732380747795105,0.9637367725372314,0.9590140581130981
290,0.10485922545194626,0.7823407053947449,0.3973148763179779,0.7378612160682678,0.11136911064386368,0.7858414053916931,0.45637330412864685,0.7514845728874207,0.9635943174362183,0.9592019319534302
291,0.10415102541446686,0.7787188291549683,0.4248350262641907,0.7505411505699158,0.1110915020108223,0.793107271194458,0.4620845317840576,0.7564899921417236,0.9643111228942871,0.959323525428772
292,0.10314047336578369,0.7996355891227722,0.4286201596260071,0.7846631407737732,0.1107761487364769,0.8048280477523804,0.46387454867362976,0.7588856816291809,0.9644582867622375,0.9595335721969604
293,0.10322494804859161,0.7766187787055969,0.4219539165496826,0.7392177581787109,0.11038002371788025,0.8092771768569946,0.4607795774936676,0.757534921169281,0.9642921686172485,0.9596993327140808
294,0.10328620672225952,0.8165666460990906,0.4256204068660736,0.7361800670623779,0.11004867404699326,0.8113297820091248,0.45673882961273193,0.7542695999145508,0.9649045467376709,0.9597214460372925
295,0.10217143595218658,0.8243513703346252,0.409414142370224,0.7680335640907288,0.10975304245948792,0.8077962398529053,0.46774420142173767,0.7648557424545288,0.96503746509552,0.9599204063415527
296,0.1014920175075531,0.8351999521255493,0.436418741941452,0.7784115672111511,0.10946185886859894,0.8048441410064697,0.4767342507839203,0.773552417755127,0.9656925797462463,0.9600862264633179
297,0.1017194539308548,0.811944842338562,0.43771857023239136,0.7381738424301147,0.10894610732793808,0.8049050569534302,0.48274141550064087,0.7805104851722717,0.9651893377304077,0.9604730606079102
298,0.10172868520021439,0.801374077796936,0.4400255084037781,0.7406680583953857,0.10838904976844788,0.8081734776496887,0.4847717881202698,0.784879744052887,0.9650659561157227,0.9608930945396423
299,0.10086444765329361,0.7950740456581116,0.44210085272789,0.756887674331665,0.10795438289642334,0.8104117512702942,0.48458728194236755,0.7863829135894775,0.9660533666610718,0.9612247347831726
300,0.10015568137168884,0.8505410552024841,0.4433343708515167,0.7540127635002136,0.10765224695205688,0.8076987862586975,0.4899170398712158,0.7903244495391846,0.9664425849914551,0.9613131284713745
301,0.10044962167739868,0.8015127778053284,0.4457205533981323,0.7666239142417908,0.10743889957666397,0.8081642985343933,0.49461156129837036,0.7945442795753479,0.9658634662628174,0.9615120887756348
302,0.09966828674077988,0.7739952802658081,0.44668981432914734,0.7512004971504211,0.10726393014192581,0.8034791946411133,0.4968481957912445,0.7943796515464783,0.9660295844078064,0.9613352417945862
303,0.1000751480460167,0.8064461350440979,0.4470752775669098,0.7507714033126831,0.10702808946371078,0.8037928938865662,0.4969208836555481,0.7947797775268555,0.965630829334259,0.961456835269928
304,0.09870714694261551,0.8195529580116272,0.453833669424057,0.7519015073776245,0.10671823471784592,0.8054335713386536,0.4964136481285095,0.7952579855918884,0.9663286805152893,0.9616557955741882
305,0.0998445525765419,0.8037100434303284,0.45064255595207214,0.76064532995224,0.10641544312238693,0.811156153678894,0.49786677956581116,0.7883443832397461,0.9661672711372375,0.9619432091712952
306,0.09853125363588333,0.8239229321479797,0.44687581062316895,0.7592424750328064,0.10610716044902802,0.8178278207778931,0.5027256608009338,0.7640100717544556,0.966694176197052,0.9621310830116272
307,0.09909095615148544,0.8154096007347107,0.4593031108379364,0.7668896317481995,0.10578867048025131,0.8307390809059143,0.5049743056297302,0.7690030336380005,0.9663524031639099,0.9624406099319458
308,0.09809855371713638,0.8012660145759583,0.46278151869773865,0.7766643762588501,0.10553653538227081,0.8294564485549927,0.5078926086425781,0.7709705829620361,0.9671546816825867,0.9624406099319458
309,0.0974770113825798,0.8382487297058105,0.46058371663093567,0.7743043303489685,0.10535793751478195,0.8281063437461853,0.5092726349830627,0.7608788013458252,0.9670692086219788,0.9623521566390991
310,0.09720642119646072,0.8066532611846924,0.4597119688987732,0.7689751386642456,0.10528457909822464,0.8222116827964783,0.5120295882225037,0.7600470781326294,0.9668983221054077,0.9620758295059204
311,0.09765053540468216,0.8371595740318298,0.4626588523387909,0.7732746005058289,0.10513292998075485,0.8260115385055542,0.5126373171806335,0.7605568766593933,0.9668651223182678,0.9620758295059204
312,0.09766289591789246,0.8063740134239197,0.4572660028934479,0.7577185034751892,0.10487886518239975,0.8280733823776245,0.5123497247695923,0.7613394856452942,0.9666562080383301,0.9622084498405457
313,0.09655483812093735,0.8418743014335632,0.4630349576473236,0.7676913142204285,0.10458757728338242,0.8349592685699463,0.5140119791030884,0.7474372386932373,0.9668840765953064,0.9626063704490662
314,0.09617268294095993,0.8658778667449951,0.4667603671550751,0.7847062349319458,0.10436880588531494,0.833114743232727,0.5167952179908752,0.7526353597640991,0.9676863551139832,0.9626174569129944
315,0.09600783884525299,0.8386549353599548,0.4699159860610962,0.7886573672294617,0.10419463366270065,0.8322638273239136,0.5230002999305725,0.764156699180603,0.9674442410469055,0.9628495573997498
316,0.09644471108913422,0.8578088879585266,0.47507092356681824,0.7997152805328369,0.10405253618955612,0.832611083984375,0.5298426151275635,0.7742915749549866,0.9674537181854248,0.9631479978561401
317,0.09581617265939713,0.8671754598617554,0.47993379831314087,0.8048282265663147,0.10392196476459503,0.8310001492500305,0.5337679386138916,0.7800133228302002,0.9679094552993774,0.9632474780082703
318,0.09633207321166992,0.7941235303878784,0.48004674911499023,0.8044978380203247,0.10375963896512985,0.8323827981948853,0.5364676117897034,0.7850774526596069,0.9675723910331726,0.9634685516357422
319,0.0959915891289711,0.8442074060440063,0.48058247566223145,0.8092925548553467,0.10361465066671371,0.831380307674408,0.5371273159980774,0.7856634259223938,0.967980682849884,0.9633800983428955
320,0.09517671167850494,0.8287822008132935,0.47814247012138367,0.8074446320533752,0.10342425853013992,0.8336449265480042,0.5345536470413208,0.7833030819892883,0.9681230783462524,0.9634575247764587
321,0.0951293334364891,0.8148878216743469,0.47909948229789734,0.8071257472038269,0.10331401973962784,0.8319833278656006,0.5331156849861145,0.7799032926559448,0.9681800603866577,0.963302731513977
322,0.09504789113998413,0.8538283109664917,0.48030906915664673,0.8105470538139343,0.10320334881544113,0.8290478587150574,0.532939076423645,0.7782726883888245,0.9680281281471252,0.9630596041679382
323,0.09509602934122086,0.8315216302871704,0.48031511902809143,0.7992849349975586,0.10309223085641861,0.8273320198059082,0.5354334712028503,0.7807918787002563,0.9681990146636963,0.9631590843200684
324,0.09528595954179764,0.8638221025466919,0.4828377366065979,0.8108509182929993,0.10290583223104477,0.827680766582489,0.5402444005012512,0.7873666286468506,0.9679569602012634,0.9633690714836121
325,0.09525316208600998,0.8156723976135254,0.48944535851478577,0.8163514137268066,0.10264720022678375,0.832319438457489,0.5436601638793945,0.7935652136802673,0.9681610465049744,0.9638664722442627
326,0.09453002363443375,0.8353766202926636,0.48784902691841125,0.8039383888244629,0.10242166370153427,0.8355449438095093,0.546127438545227,0.798897922039032,0.9683557152748108,0.9641980528831482
327,0.09394809603691101,0.8072550296783447,0.4878191351890564,0.8149420619010925,0.10224384069442749,0.8388380408287048,0.5486072301864624,0.8038620948791504,0.96839839220047,0.9646512866020203
328,0.09370080381631851,0.8440917730331421,0.48924776911735535,0.8143349885940552,0.10224555432796478,0.8298910856246948,0.5560418963432312,0.807681143283844,0.9689918160438538,0.964385986328125
329,0.09369832277297974,0.833422064781189,0.49142777919769287,0.8250860571861267,0.10240591317415237,0.811848521232605,0.5656841993331909,0.806570827960968,0.9691152572631836,0.9637117385864258
330,0.09434797614812851,0.8350714445114136,0.49635300040245056,0.815549373626709,0.10234332084655762,0.8123508095741272,0.5687121748924255,0.8101230263710022,0.9684411287307739,0.9638664722442627
331,0.09311540424823761,0.8495838046073914,0.5022788047790527,0.8341190218925476,0.1019844189286232,0.8245337009429932,0.565972089767456,0.8146511912345886,0.9686927199363708,0.9643528461456299
332,0.09359513223171234,0.8667436838150024,0.500352144241333,0.8345274925231934,0.10171873867511749,0.8319796919822693,0.5636318922042847,0.817051351070404,0.9695044755935669,0.9647396802902222
333,0.09355771541595459,0.8551552295684814,0.4982041120529175,0.8233519792556763,0.10159984976053238,0.8328736424446106,0.5638471841812134,0.8173941969871521,0.9691959619522095,0.9647396802902222
334,0.09315092861652374,0.8470450639724731,0.5035390853881836,0.8401307463645935,0.1015511006116867,0.8344055414199829,0.5641576647758484,0.8177273869514465,0.9693715572357178,0.9645959734916687
335,0.09296257793903351,0.8590294718742371,0.4984630346298218,0.8343756794929504,0.10150845348834991,0.8312112092971802,0.567115068435669,0.8193561434745789,0.9689205884933472,0.9645407199859619
336,0.0931427851319313,0.8570576906204224,0.4974210262298584,0.8323287963867188,0.10153346508741379,0.8253005743026733,0.5699424147605896,0.8189894556999207,0.9689158797264099,0.9642422795295715
337,0.09224527329206467,0.835848331451416,0.5015416741371155,0.8244894742965698,0.10142961889505386,0.8261780738830566,0.5719791650772095,0.8206528425216675,0.9691627025604248,0.9643749594688416
338,0.09315519034862518,0.8218883872032166,0.5058497786521912,0.8397462368011475,0.10121101886034012,0.828265905380249,0.5725317597389221,0.8223422169685364,0.9686262607574463,0.9646844267845154
339,0.09243921935558319,0.8333090543746948,0.512255847454071,0.8339157104492188,0.10102339833974838,0.8365914225578308,0.571568489074707,0.8252010941505432,0.9694997668266296,0.9652039408683777
340,0.0926571786403656,0.8731902241706848,0.5076084733009338,0.8453904390335083,0.10098720341920853,0.8352034091949463,0.5715379118919373,0.8244765996932983,0.9698700308799744,0.9651265740394592
341,0.09253168851137161,0.867834210395813,0.5084856152534485,0.8443239331245422,0.10103313624858856,0.8283897042274475,0.5715673565864563,0.821500837802887,0.9695709347724915,0.9646844267845154
342,0.0919114202260971,0.8796191215515137,0.5130868554115295,0.8361396789550781,0.1011965274810791,0.8213369846343994,0.5725507140159607,0.8186232447624207,0.9700456857681274,0.9641538858413696
343,0.0921478122472763,0.8577372431755066,0.507025420665741,0.8271889686584473,0.1010545864701271,0.8242179751396179,0.5704046487808228,0.8187723159790039,0.9689111113548279,0.9644191265106201
344,0.09241785854101181,0.823160707950592,0.5026639103889465,0.8377402424812317,0.1008753553032875,0.8283278942108154,0.5697717070579529,0.8204778432846069,0.9692291617393494,0.9646512866020203
345,0.0922517478466034,0.8408627510070801,0.5024452209472656,0.8348994255065918,0.10072086751461029,0.8317872881889343,0.5693865418434143,0.8221743702888489,0.9690677523612976,0.9649938941001892
346,0.0920390859246254,0.8263280391693115,0.5017985701560974,0.8261634707450867,0.10060574859380722,0.8373355269432068,0.5712514519691467,0.8251188397407532,0.9692243933677673,0.9651928544044495
347,0.09176728129386902,0.886649489402771,0.4969879984855652,0.8349252939224243,0.10057393461465836,0.8314668536186218,0.5743757486343384,0.8246341943740845,0.9695851802825928,0.9650160074234009
348,0.09142718464136124,0.8272759914398193,0.5043730139732361,0.8398789167404175,0.1007065549492836,0.8144341111183167,0.5778098106384277,0.8188956379890442,0.969637393951416,0.9643307328224182
349,0.09230752289295197,0.8427322506904602,0.5075318813323975,0.8416666984558105,0.10089610517024994,0.8020336031913757,0.5806980729103088,0.8145920038223267,0.9692718982696533,0.9636675119400024
350,0.09202985465526581,0.8665955662727356,0.5216052532196045,0.8396552801132202,0.10060915350914001,0.816813051700592,0.5784652233123779,0.8206512928009033,0.9691817164421082,0.9643970131874084
351,0.09143457561731339,0.8574777245521545,0.5170491337776184,0.8405946493148804,0.10041344165802002,0.8281190991401672,0.5751012563705444,0.823387622833252,0.9698178172111511,0.9646733999252319
352,0.09115826338529587,0.8446133136749268,0.5147050023078918,0.8381428718566895,0.10036441683769226,0.8312139511108398,0.5731012225151062,0.8235061168670654,0.9694807529449463,0.9647728800773621
353,0.09095857292413712,0.8394028544425964,0.508489727973938,0.8446714282035828,0.1003212183713913,0.8315553069114685,0.5725817680358887,0.8233651518821716,0.9694333076477051,0.9647839069366455
354,0.09105674922466278,0.8473562598228455,0.5119171142578125,0.8411228060722351,0.10034572333097458,0.827457070350647,0.5734605193138123,0.822133481502533,0.9698889851570129,0.9646291732788086
355,0.09056449681520462,0.8291460871696472,0.5126254558563232,0.849002480506897,0.10038116574287415,0.8115173578262329,0.5769360661506653,0.8221324682235718,0.9698367714881897,0.9644854664802551
356,0.09093505144119263,0.8133509159088135,0.51556396484375,0.8492753505706787,0.10028799623250961,0.8075729608535767,0.5788777470588684,0.8214626312255859,0.9693430662155151,0.9644302129745483
357,0.09049436450004578,0.8506131172180176,0.5181267857551575,0.8497245907783508,0.10017835348844528,0.8017582893371582,0.5798848867416382,0.8191836476325989,0.9697228670120239,0.964385986328125
358,0.09033489227294922,0.8643185496330261,0.5178404450416565,0.8507428765296936,0.10003560036420822,0.8047885894775391,0.5780459046363831,0.8195980191230774,0.9703162312507629,0.964640200138092
359,0.09065557271242142,0.8743849396705627,0.5148319602012634,0.8528032898902893,0.10004729777574539,0.8040092587471008,0.579289972782135,0.8200609087944031,0.9701833128929138,0.9645518064498901
360,0.09123651683330536,0.8228293061256409,0.5149381160736084,0.8472956418991089,0.100033238530159,0.8060458302497864,0.5799997448921204,0.8216496706008911,0.9697086215019226,0.9644744396209717
361,0.09060171991586685,0.8332392573356628,0.519988477230072,0.853158712387085,0.09994365274906158,0.81170654296875,0.5764861106872559,0.8219038844108582,0.9701406359672546,0.9645407199859619
362,0.09068369120359421,0.8816555142402649,0.5128915905952454,0.8500496745109558,0.09995672851800919,0.8131114840507507,0.5756773948669434,0.8220713138580322,0.9697418808937073,0.9645296931266785
363,0.09060712903738022,0.8224729895591736,0.5113009810447693,0.8450037240982056,0.10000721365213394,0.8117893934249878,0.5757949352264404,0.8214648365974426,0.9695472121238708,0.9644744396209717
364,0.0898718312382698,0.8650985360145569,0.5127479434013367,0.8400912284851074,0.10002759099006653,0.8110746145248413,0.5760960578918457,0.8213562965393066,0.969855785369873,0.9644744396209717
365,0.09006713330745697,0.869296133518219,0.5148131847381592,0.8507562875747681,0.10001248121261597,0.8051403760910034,0.5768506526947021,0.818947970867157,0.9697703123092651,0.9642201662063599
366,0.09020007401704788,0.870220959186554,0.5144201517105103,0.8399530649185181,0.09991031140089035,0.7994378805160522,0.5788052678108215,0.8175147175788879,0.9699174761772156,0.9641427993774414
367,0.08998875319957733,0.860654890537262,0.5161646604537964,0.8531056642532349,0.09977353364229202,0.7970699667930603,0.5798019170761108,0.8173401355743408,0.97010737657547,0.9641980528831482
368,0.08984798938035965,0.8252686262130737,0.5188202261924744,0.8419781923294067,0.09955766797065735,0.8019794225692749,0.5800058245658875,0.8199875354766846,0.9699364900588989,0.9645518064498901
369,0.09003424644470215,0.8306387662887573,0.5212014317512512,0.852920413017273,0.09941142797470093,0.8107614517211914,0.5787849426269531,0.8234921097755432,0.9698700308799744,0.9649386405944824
370,0.0898434966802597,0.889433741569519,0.5176831483840942,0.8577158451080322,0.09946325421333313,0.8106013536453247,0.5788359642028809,0.8235487341880798,0.9705631136894226,0.9647175669670105
371,0.08944407105445862,0.8666581511497498,0.5182009339332581,0.8529146313667297,0.09952781349420547,0.8115724325180054,0.5784527063369751,0.823342502117157,0.9701026082038879,0.9646623134613037
372,0.09011483937501907,0.8639662265777588,0.5170974731445312,0.8550300002098083,0.09959646314382553,0.8101765513420105,0.5774137377738953,0.8218532800674438,0.9700314402580261,0.9645186066627502
373,0.08944327384233475,0.8370086550712585,0.5197948217391968,0.858985424041748,0.09971527010202408,0.8064839243888855,0.5785244107246399,0.8207476735115051,0.9703684449195862,0.9643307328224182
374,0.08940870314836502,0.8096299171447754,0.516933023929596,0.8523496985435486,0.0997072383761406,0.8045521974563599,0.5788041949272156,0.8199329376220703,0.9696184396743774,0.9643086194992065
375,0.08923869580030441,0.8573853969573975,0.5177379250526428,0.8420206308364868,0.09953556209802628,0.8024982213973999,0.5787121057510376,0.8191914558410645,0.9698747992515564,0.9643417596817017
376,0.08985171467065811,0.810707151889801,0.5189608931541443,0.8554731011390686,0.09939846396446228,0.8036020398139954,0.5779786109924316,0.8192970156669617,0.9704539179801941,0.964640200138092
377,0.08921577781438828,0.8876943588256836,0.5191972255706787,0.8572973012924194,0.0994950607419014,0.7944746017456055,0.5801441073417664,0.8164951801300049,0.9703542590141296,0.96431964635849
378,0.08947508037090302,0.839852511882782,0.5247678160667419,0.8552780151367188,0.09947757422924042,0.792883038520813,0.5802327394485474,0.815645158290863,0.9702497720718384,0.9641759991645813
379,0.08918138593435287,0.8214640021324158,0.5213533639907837,0.8422760963439941,0.09927454590797424,0.8033324480056763,0.5784943699836731,0.8194882273674011,0.9702355265617371,0.9645518064498901
380,0.08943059295415878,0.8627094030380249,0.5223910808563232,0.84846431016922,0.09919580072164536,0.8132964968681335,0.5774341821670532,0.8236318826675415,0.970539391040802,0.964927613735199
381,0.089238740503788,0.8658361434936523,0.5160894393920898,0.8437790870666504,0.09924667328596115,0.81147301197052,0.5778191089630127,0.8228377103805542,0.9699270129203796,0.9647839069366455
382,0.0894276425242424,0.8744339346885681,0.5160275101661682,0.8540821075439453,0.09948965162038803,0.8017290830612183,0.5799828171730042,0.8192754983901978,0.9703115224838257,0.9641206860542297
383,0.08965720236301422,0.8261661529541016,0.5176147818565369,0.8521227240562439,0.09954652935266495,0.7974362969398499,0.5806317329406738,0.8178755640983582,0.9697988033294678,0.9639328122138977
384,0.08916719257831573,0.8649802207946777,0.5206868052482605,0.854497492313385,0.09936520457267761,0.8018726110458374,0.5799620747566223,0.8196082711219788,0.9698889851570129,0.964385986328125
385,0.08924338966608047,0.8052448630332947,0.5199174284934998,0.8532423973083496,0.09926069527864456,0.8064230680465698,0.5790926218032837,0.8214471340179443,0.9702545404434204,0.964794933795929
386,0.08906640112400055,0.864189624786377,0.5239476561546326,0.8614771366119385,0.09927698224782944,0.8057303428649902,0.5790812969207764,0.821140706539154,0.9706770181655884,0.9647396802902222
387,0.08857253193855286,0.8612008094787598,0.519084095954895,0.8494197130203247,0.09947583079338074,0.7944177985191345,0.5807182788848877,0.8167905211448669,0.9706438183784485,0.9639990925788879
388,0.08848552405834198,0.8257719278335571,0.5217866897583008,0.8553269505500793,0.0994560495018959,0.7947487235069275,0.5809695720672607,0.8170877695083618,0.9704301953315735,0.9639328122138977
389,0.08901447802782059,0.835171103477478,0.5205541253089905,0.843614935874939,0.09928741306066513,0.7984053492546082,0.5801488161087036,0.8182359337806702,0.9698795080184937,0.9642422795295715
390,0.08863598853349686,0.8833330869674683,0.5219808220863342,0.8586323261260986,0.09922196716070175,0.8008777499198914,0.5797792673110962,0.8192025423049927,0.9703542590141296,0.9644744396209717
391,0.08867180347442627,0.8305830359458923,0.520102858543396,0.8453232645988464,0.09920920431613922,0.798580527305603,0.5801436305046082,0.8182709217071533,0.9703494906425476,0.9642422795295715
392,0.08830229192972183,0.8617039918899536,0.5231648683547974,0.8476408123970032,0.09917569905519485,0.7981484532356262,0.5803973078727722,0.8182209134101868,0.9704349040985107,0.9641649127006531
393,0.08790723234415054,0.824745774269104,0.5241022109985352,0.862332284450531,0.09909244626760483,0.7998411655426025,0.5803043842315674,0.8190367221832275,0.9706485271453857,0.9643417596817017
394,0.0884326845407486,0.8611094951629639,0.5215674638748169,0.847022533416748,0.09901038557291031,0.8020647168159485,0.5800288915634155,0.8200523257255554,0.9707767367362976,0.9644854664802551
395,0.08799483627080917,0.8474821448326111,0.5164205431938171,0.8455173373222351,0.09905190020799637,0.7991241216659546,0.5805267095565796,0.8189544677734375,0.970491886138916,0.9644191265106201
396,0.08826242387294769,0.8578383922576904,0.519176185131073,0.8431218266487122,0.09905225783586502,0.798507034778595,0.5804567337036133,0.8187402486801147,0.970491886138916,0.9644191265106201
397,0.08819139748811722,0.8552359938621521,0.5213766098022461,0.8492594957351685,0.0990665853023529,0.797061562538147,0.5806405544281006,0.8181291222572327,0.9704729318618774,0.9643528461456299
398,0.08833079785108566,0.8692291378974915,0.518278956413269,0.8540339469909668,0.09901641309261322,0.7989338636398315,0.580288827419281,0.8189016580581665,0.9704254269599915,0.9645296931266785
399,0.08783050626516342,0.8124879002571106,0.5218655467033386,0.8580083847045898,0.09891855716705322,0.800868034362793,0.5802304744720459,0.8198538422584534,0.9705678224563599,0.9646180868148804
400,0.0879775881767273,0.8715826869010925,0.5251580476760864,0.8605923056602478,0.09893108904361725,0.7931914925575256,0.5811793804168701,0.8164618611335754,0.9705820679664612,0.9641427993774414
401,0.08857739716768265,0.8473319411277771,0.5206730961799622,0.8555422425270081,0.09887541830539703,0.7948013544082642,0.5813088417053223,0.8173854947090149,0.9701786041259766,0.96431964635849
402,0.08745039999485016,0.8698662519454956,0.5229955911636353,0.8584380149841309,0.09884321689605713,0.8001453280448914,0.58104008436203,0.8197265863418579,0.9706770181655884,0.9645739197731018
403,0.08865870535373688,0.8492465019226074,0.5215105414390564,0.8573843836784363,0.09893354028463364,0.7985825538635254,0.5808383226394653,0.8187740445137024,0.9704729318618774,0.9643970131874084
404,0.08795873820781708,0.8442577123641968,0.5259485244750977,0.8633695244789124,0.09900230169296265,0.796169638633728,0.5813349485397339,0.8179870843887329,0.9708194732666016,0.9641538858413696
405,0.08762005716562271,0.8636429309844971,0.5260886549949646,0.8625866770744324,0.09898030012845993,0.7974653244018555,0.5810579657554626,0.8186355829238892,0.9705963134765625,0.9642643928527832
406,0.08772800862789154,0.8487703204154968,0.5230807065963745,0.8584603667259216,0.09881923347711563,0.801681637763977,0.5801454782485962,0.8201826214790344,0.9701406359672546,0.9646070599555969
407,0.08762753009796143,0.8228920102119446,0.5237882733345032,0.8497991561889648,0.09872417896986008,0.8001033067703247,0.5802688002586365,0.8194555044174194,0.9707197546958923,0.9646512866020203
408,0.08810210973024368,0.8693521618843079,0.5217657089233398,0.8572691679000854,0.09883341193199158,0.7946668863296509,0.581833004951477,0.8181471228599548,0.9707340002059937,0.9642975330352783
409,0.08732972294092178,0.8111164569854736,0.5266231894493103,0.8513668775558472,0.09891266375780106,0.7913535237312317,0.5829611420631409,0.8172659277915955,0.970923900604248,0.9640985727310181
410,0.08802647143602371,0.8331519365310669,0.5252408981323242,0.8520301580429077,0.09875251352787018,0.7947102189064026,0.5820419788360596,0.818169891834259,0.9703542590141296,0.9642754793167114
411,0.08727960288524628,0.8696067929267883,0.5249304175376892,0.859747588634491,0.09862978756427765,0.8008137941360474,0.5805344581604004,0.8200519680976868,0.9708906412124634,0.9647175669670105
412,0.0871591567993164,0.8781090974807739,0.5249527096748352,0.8635847568511963,0.09879275411367416,0.797315239906311,0.58010333776474,0.8178689479827881,0.9710188508033752,0.96445232629776
413,0.08792385458946228,0.8206858038902283,0.5238726139068604,0.8595756888389587,0.09913009405136108,0.7863320708274841,0.5824994444847107,0.8136772513389587,0.9703779816627502,0.9637338519096375
414,0.08755721151828766,0.869086742401123,0.5237997770309448,0.8473062515258789,0.0994449108839035,0.7771629095077515,0.5849211812019348,0.8104344606399536,0.9705013632774353,0.9630706310272217
415,0.08814448118209839,0.827517569065094,0.522843599319458,0.8532721400260925,0.09895980358123779,0.784648597240448,0.5837101936340332,0.8138754963874817,0.9696611762046814,0.9636785387992859
416,0.08720719069242477,0.8484722375869751,0.5228899717330933,0.8582053780555725,0.09831774979829788,0.8024388551712036,0.5812534689903259,0.821506142616272,0.9702687859535217,0.9649497270584106
417,0.0872984379529953,0.8865047693252563,0.5191331505775452,0.8574357628822327,0.09814216941595078,0.8092198371887207,0.580521285533905,0.8245553374290466,0.9708479046821594,0.9655466079711914
418,0.08732081204652786,0.8300040364265442,0.5211290121078491,0.8617258071899414,0.0983823612332344,0.7978376150131226,0.5820178389549255,0.8200308084487915,0.9712561964988708,0.9647728800773621
419,0.08700304478406906,0.8778814077377319,0.5228894948959351,0.8568711280822754,0.09892112761735916,0.7844979763031006,0.5848998427391052,0.815086841583252,0.970710277557373,0.9638112187385559
420,0.08721429109573364,0.8495849370956421,0.5284441709518433,0.8632844090461731,0.09909066557884216,0.7793678045272827,0.58494633436203,0.8121857643127441,0.9707149863243103,0.9635016918182373
421,0.08684556931257248,0.8566282391548157,0.528014600276947,0.8616563081741333,0.09873665124177933,0.7936230897903442,0.5819752812385559,0.8174581527709961,0.9704064726829529,0.9643970131874084
422,0.08706189692020416,0.8525170087814331,0.5241709351539612,0.8611375689506531,0.09858590364456177,0.8006535768508911,0.5793533325195312,0.8192301988601685,0.9708526730537415,0.9648723602294922
423,0.08722315728664398,0.8804616928100586,0.5225439071655273,0.851750373840332,0.09852484613656998,0.7989249229431152,0.580767810344696,0.8193696141242981,0.9712799191474915,0.964794933795929
424,0.08705677837133408,0.8480680584907532,0.5224786996841431,0.8507670164108276,0.09858454018831253,0.7941543459892273,0.5826188921928406,0.8182083368301392,0.9711564779281616,0.964385986328125
425,0.08630508929491043,0.8677331805229187,0.5234073996543884,0.862838625907898,0.09893298149108887,0.7849922180175781,0.5843771696090698,0.8150281310081482,0.9714698195457458,0.9635570049285889
426,0.08661417663097382,0.8021453619003296,0.5269631147384644,0.8632038235664368,0.09885551780462265,0.7856045961380005,0.5838468074798584,0.8148840665817261,0.9707577228546143,0.963523805141449
427,0.0871078297495842,0.8378502726554871,0.5237511396408081,0.8584814667701721,0.09831219166517258,0.7990683317184448,0.5817963480949402,0.8200028538703918,0.9701548218727112,0.9646733999252319
428,0.087266705930233,0.8414421081542969,0.5224335193634033,0.8588929772377014,0.09820499271154404,0.8077942728996277,0.5803455710411072,0.8235417604446411,0.970539391040802,0.9653144478797913
429,0.08751440793275833,0.8782827854156494,0.5230656862258911,0.8512388467788696,0.09839798510074615,0.8006143569946289,0.5811843872070312,0.8203822374343872,0.9708479046821594,0.9648833870887756
430,0.08686614036560059,0.8322741389274597,0.5239989161491394,0.8544543385505676,0.09889337420463562,0.7846476435661316,0.5838592052459717,0.8139832019805908,0.9714270830154419,0.9638333320617676
431,0.08715973794460297,0.871738076210022,0.5253741145133972,0.8614922165870667,0.09905927628278732,0.7804454565048218,0.5848872661590576,0.8124849200248718,0.9706248044967651,0.9635016918182373
432,0.08636121451854706,0.8507739305496216,0.5304846167564392,0.854824423789978,0.09870246052742004,0.7882938981056213,0.5835825800895691,0.8157356381416321,0.9711422324180603,0.9640985727310181
433,0.08671011030673981,0.809366762638092,0.5281064510345459,0.8629069328308105,0.0981404185295105,0.8038204908370972,0.5802173018455505,0.8213209509849548,0.9706627726554871,0.9652923345565796
434,0.08689635246992111,0.8663929104804993,0.5239190459251404,0.8562477231025696,0.09803555905818939,0.8044072985649109,0.5802242755889893,0.8215761780738831,0.9712941646575928,0.9654139280319214
435,0.08613122254610062,0.8260152339935303,0.5223579406738281,0.8545120358467102,0.09828385710716248,0.7944285869598389,0.5822290182113647,0.8179424405097961,0.9716549515724182,0.9645407199859619
436,0.08692408353090286,0.8245779275894165,0.5237233638763428,0.8615836501121521,0.09881063550710678,0.7826265096664429,0.5845450162887573,0.8136312961578369,0.9709001779556274,0.963523805141449
437,0.08647089451551437,0.8625372052192688,0.5285432934761047,0.8540148735046387,0.09867320209741592,0.7841964960098267,0.5839278101921082,0.8137532472610474,0.9706580638885498,0.9636453986167908
438,0.08698075264692307,0.8474676012992859,0.5264562964439392,0.8613265752792358,0.09819477796554565,0.7991005778312683,0.5816731452941895,0.8197801113128662,0.9706532955169678,0.9648833870887756
439,0.08673956245183945,0.8502193689346313,0.5234456062316895,0.8642528057098389,0.09824555367231369,0.7999301552772522,0.5814105868339539,0.8200905919075012,0.9712419509887695,0.9648723602294922
440,0.08638683706521988,0.8405622839927673,0.5249055624008179,0.8653954863548279,0.09854302555322647,0.7902485728263855,0.583250105381012,0.8161962032318115,0.9717831015586853,0.9640433192253113
441,0.08640072494745255,0.848114013671875,0.5285654664039612,0.8631219863891602,0.09890188276767731,0.7797142863273621,0.5851823091506958,0.8122636079788208,0.9706770181655884,0.963302731513977
442,0.08614713698625565,0.8570966720581055,0.530359148979187,0.8526886701583862,0.0985628217458725,0.7896589040756226,0.5834628939628601,0.8162774443626404,0.9705583453178406,0.9639659523963928
443,0.08652552217245102,0.8600002527236938,0.5282440781593323,0.8520969152450562,0.09818192571401596,0.8007224798202515,0.5815252065658569,0.8207343220710754,0.9709998369216919,0.9647839069366455
444,0.08651261776685715,0.8442278504371643,0.5249190330505371,0.8623718023300171,0.09807369112968445,0.8038512468338013,0.5808793306350708,0.8218570947647095,0.9710140824317932,0.964927613735199
445,0.08641547709703445,0.8786941170692444,0.5226796269416809,0.8619848489761353,0.09819410741329193,0.7980054616928101,0.5827486515045166,0.8203462958335876,0.971175491809845,0.9644964933395386
446,0.08649533241987228,0.8604773283004761,0.5265204310417175,0.8513018488883972,0.09834475815296173,0.7936381101608276,0.5840641260147095,0.8190903663635254,0.9706248044967651,0.9640985727310181
447,0.08576826006174088,0.8155010938644409,0.5277896523475647,0.8540829420089722,0.0982828289270401,0.7946072220802307,0.584141194820404,0.8197234869003296,0.9709096550941467,0.9642312526702881
448,0.0858900174498558,0.8717901706695557,0.5268540978431702,0.8511273264884949,0.09814433753490448,0.7991803884506226,0.5827482342720032,0.8210081458091736,0.970923900604248,0.9647286534309387
449,0.08560685813426971,0.8801209330558777,0.5238434076309204,0.852565586566925,0.09815622866153717,0.7994052171707153,0.5826152563095093,0.8210863471031189,0.9712277054786682,0.9648060202598572
450,0.0862131416797638,0.8666515946388245,0.5267820358276367,0.854310154914856,0.09816014766693115,0.7959898710250854,0.5828188061714172,0.8193617463111877,0.9710757732391357,0.9645959734916687
451,0.08618799597024918,0.8448172807693481,0.5253355503082275,0.863443911075592,0.09833468496799469,0.7888561487197876,0.5838771462440491,0.8163095712661743,0.9709096550941467,0.9640433192253113
452,0.08566047996282578,0.8645961880683899,0.528498649597168,0.8662951588630676,0.09833155572414398,0.7907620668411255,0.5832703709602356,0.8168821930885315,0.9712893962860107,0.9640544056892395
453,0.0857795849442482,0.8527973294258118,0.5289679169654846,0.8544025421142578,0.09804476052522659,0.7994786500930786,0.5824105739593506,0.820485532283783,0.9709761142730713,0.9646733999252319
454,0.08595507591962814,0.8717384338378906,0.5219697952270508,0.863429605960846,0.09807014465332031,0.7978980541229248,0.5830448865890503,0.8202070593833923,0.9714223146438599,0.9645959734916687
455,0.08552441745996475,0.8965846300125122,0.5236771702766418,0.8548099398612976,0.09832927584648132,0.7870460748672485,0.5841578245162964,0.8154892921447754,0.9717451333999634,0.963844358921051
456,0.08607323467731476,0.8287997841835022,0.5294699668884277,0.8529748916625977,0.09824550896883011,0.7883630990982056,0.5846425294876099,0.8166312575340271,0.9707767367362976,0.9639990925788879
457,0.08504073321819305,0.856431245803833,0.5291778445243835,0.8669546842575073,0.09802689403295517,0.7932122349739075,0.5830490589141846,0.8181102871894836,0.9712846875190735,0.96445232629776
458,0.08559193462133408,0.8442206382751465,0.5262137055397034,0.8637081980705261,0.09787368774414062,0.8008691072463989,0.5816965699195862,0.8210787177085876,0.9711517691612244,0.9649607539176941
459,0.08613017201423645,0.8531033396720886,0.5254430174827576,0.8510985374450684,0.09796766936779022,0.8002998232841492,0.5823153257369995,0.82131028175354,0.9710568189620972,0.9649386405944824
460,0.08618249744176865,0.8063530325889587,0.5263927578926086,0.8638467192649841,0.0982990488409996,0.7883490324020386,0.5837669968605042,0.8161466717720032,0.971127986907959,0.964131772518158
461,0.08602459728717804,0.8099097013473511,0.5277791023254395,0.8516429662704468,0.0985998883843422,0.7824054956436157,0.5851737856864929,0.8141141533851624,0.9709428548812866,0.9636011719703674
462,0.08549100160598755,0.8765584230422974,0.5273275375366211,0.8497454524040222,0.0983167365193367,0.7883716821670532,0.5834237337112427,0.8159807324409485,0.9705156087875366,0.9641206860542297
463,0.0858875960111618,0.863714337348938,0.5278692841529846,0.8536518216133118,0.09805060178041458,0.7948367595672607,0.5828819870948792,0.8189647197723389,0.9711470007896423,0.9647175669670105
464,0.08584870398044586,0.8386330008506775,0.5245314240455627,0.8535062670707703,0.09801732748746872,0.7963377237319946,0.5828908085823059,0.8197024464607239,0.9714033603668213,0.9648060202598572
465,0.08519068360328674,0.8506691455841064,0.5264150500297546,0.8557211756706238,0.09830816090106964,0.7879351377487183,0.5842447280883789,0.8162620663642883,0.9716264605522156,0.9641206860542297
466,0.0858474001288414,0.8305083513259888,0.5290191769599915,0.8645010590553284,0.09840397536754608,0.7865334153175354,0.5846428871154785,0.8157932162284851,0.970923900604248,0.9638774991035461
467,0.08585495501756668,0.8591887354850769,0.5286000370979309,0.8525704145431519,0.09820277988910675,0.7917900085449219,0.5838798880577087,0.8181307911872864,0.9707909822463989,0.9642643928527832
468,0.08510514348745346,0.8194660544395447,0.5278437733650208,0.8677156567573547,0.09809791296720505,0.7954556345939636,0.5827600955963135,0.8188163638114929,0.9715932011604309,0.9644633531570435
469,0.08548542112112045,0.8570615649223328,0.5275493860244751,0.8549216985702515,0.09817760437726974,0.7936701774597168,0.5834078788757324,0.818417489528656,0.9715979695320129,0.9642312526702881
470,0.08598513156175613,0.8551588654518127,0.5235230922698975,0.8613333106040955,0.09835250675678253,0.777435839176178,0.5843232870101929,0.8159061670303345,0.9706960320472717,0.963844358921051
471,0.08519166707992554,0.8485389947891235,0.5297534465789795,0.8573838472366333,0.09850796312093735,0.7734427452087402,0.5848965644836426,0.8140749335289001,0.9713369011878967,0.9636453986167908
472,0.08541412651538849,0.8642234802246094,0.5293359756469727,0.8664032220840454,0.09845265746116638,0.7755956649780273,0.5846500992774963,0.8150105476379395,0.9711564779281616,0.9639990925788879
473,0.08529682457447052,0.8084271550178528,0.5294793844223022,0.8636491894721985,0.09826719760894775,0.7811316251754761,0.5821056962013245,0.8162640929222107,0.9709381461143494,0.9644744396209717
474,0.0848824605345726,0.8277351260185242,0.5268635749816895,0.8663652539253235,0.09819862246513367,0.7841620445251465,0.5781393647193909,0.8150370121002197,0.9714792966842651,0.964640200138092
475,0.08548162132501602,0.8391854763031006,0.5249273777008057,0.8654109835624695,0.09835917502641678,0.7789428234100342,0.5824591517448425,0.8151389956474304,0.9716169834136963,0.9643417596817017
476,0.08525539189577103,0.8469515442848206,0.5284621119499207,0.8670852184295654,0.09867550432682037,0.7706946134567261,0.5848541855812073,0.8125210404396057,0.9715030193328857,0.9637559652328491
477,0.08538797497749329,0.8030946850776672,0.5315199494361877,0.8542675971984863,0.0985800251364708,0.7721853852272034,0.5846152305603027,0.8130843043327332,0.9710805416107178,0.9637006521224976
478,0.0848349779844284,0.8724159598350525,0.530941367149353,0.8566181063652039,0.09821388125419617,0.7820662260055542,0.5832772254943848,0.8174933195114136,0.9713273644447327,0.9642865061759949
479,0.08533692359924316,0.8525892496109009,0.5266075730323792,0.8522653579711914,0.09803950041532516,0.8033601641654968,0.5784088373184204,0.819574773311615,0.9709476232528687,0.9648944139480591
480,0.08522385358810425,0.8647135496139526,0.523729145526886,0.8552936315536499,0.09804046154022217,0.7980654835700989,0.5793105959892273,0.817581057548523,0.9716834425926208,0.9645296931266785
481,0.08481000363826752,0.8904276490211487,0.5279138088226318,0.8598222732543945,0.09830202907323837,0.7728714942932129,0.5851226449012756,0.8138481974601746,0.9716644287109375,0.9637006521224976
482,0.08579160273075104,0.8536761999130249,0.5294456481933594,0.8615875244140625,0.09823131561279297,0.7730695605278015,0.5854296684265137,0.8143426179885864,0.9706675410270691,0.9636343717575073
483,0.08500530570745468,0.8000040650367737,0.5318207740783691,0.8665112853050232,0.09778284281492233,0.7845475077629089,0.5826738476753235,0.8182717561721802,0.9710615277290344,0.9645407199859619
484,0.0855686217546463,0.8300071954727173,0.5264303088188171,0.8512200117111206,0.0976550430059433,0.7986800074577332,0.5816284418106079,0.8197532296180725,0.9708906412124634,0.964927613735199
485,0.08515306562185287,0.8656192421913147,0.5266527533531189,0.8693472743034363,0.09793154895305634,0.7828609347343445,0.5828831791877747,0.8174747228622437,0.9718732833862305,0.9644080996513367
486,0.08508303761482239,0.8800569772720337,0.5271716713905334,0.8667880892753601,0.09846637398004532,0.773308277130127,0.585478663444519,0.8143792748451233,0.9714033603668213,0.9638001322746277
487,0.0849187821149826,0.8421403765678406,0.5290156602859497,0.8542249798774719,0.09874770790338516,0.7665770053863525,0.5865126252174377,0.8114303350448608,0.9711992144584656,0.963302731513977
488,0.08493795245885849,0.8850598931312561,0.5295169353485107,0.8348368406295776,0.09847154468297958,0.7724828124046326,0.5855522155761719,0.8137490749359131,0.9711090326309204,0.9637338519096375
489,0.08509387820959091,0.8513020873069763,0.52671217918396,0.8524015545845032,0.09791170060634613,0.7983566522598267,0.5822916030883789,0.8201189637184143,0.9710378050804138,0.9647728800773621
490,0.08473113924264908,0.8405715823173523,0.5257633924484253,0.8665948510169983,0.09772000461816788,0.803570568561554,0.5816758871078491,0.822367787361145,0.9715505242347717,0.9650823473930359
491,0.08484107255935669,0.8985630869865417,0.5281323790550232,0.8707756400108337,0.09789524972438812,0.7874564528465271,0.5839184522628784,0.8156329989433289,0.9720442295074463,0.9642422795295715
492,0.0842551663517952,0.8791794776916504,0.5299125909805298,0.8688162565231323,0.098443903028965,0.7632694840431213,0.587445855140686,0.8107835650444031,0.9714935421943665,0.9631479978561401
493,0.08476562798023224,0.8527165651321411,0.5291472673416138,0.8547525405883789,0.0986175686120987,0.7615278363227844,0.5876341462135315,0.810028076171875,0.9708479046821594,0.9631369709968567
494,0.08432850986719131,0.8381785154342651,0.5321685075759888,0.866445779800415,0.09794877469539642,0.7787917852401733,0.5833994746208191,0.8155965805053711,0.9710046052932739,0.9642975330352783
495,0.08476075530052185,0.8776360750198364,0.5296560525894165,0.8574484586715698,0.09780160337686539,0.8031619787216187,0.5741440653800964,0.8165251612663269,0.971778392791748,0.9650160074234009
496,0.08506908267736435,0.8559690117835999,0.5246371626853943,0.8673257231712341,0.09797476977109909,0.7945559024810791,0.5823872685432434,0.8181015253067017,0.9719635248184204,0.9647175669670105
497,0.08458451181650162,0.8501841425895691,0.5238807201385498,0.8536320924758911,0.09853968769311905,0.7696087956428528,0.5859204530715942,0.812382161617279,0.9716644287109375,0.9635570049285889
498,0.08530440181493759,0.865265429019928,0.5300384759902954,0.8469986915588379,0.09866141527891159,0.7645767331123352,0.5870578289031982,0.8106370568275452,0.9708669185638428,0.9632143378257751
499,0.08466310799121857,0.7956251502037048,0.5311511754989624,0.8520519137382507,0.09801004827022552,0.7784011960029602,0.5840936899185181,0.8158680200576782,0.9708052277565002,0.9641759991645813
500,0.08425793051719666,0.8547956347465515,0.5292860865592957,0.8659456372261047,0.09774033725261688,0.7990025281906128,0.5757143497467041,0.8156139254570007,0.9714508056640625,0.964706540107727
